gdp_growth,debt_to_gdp,inflation_rate,interest_rate,exchange_rate_volatility,fiscal_deficit,foreign_reserves,corruption_index,political_stability,default_risk
3.245071229516849,57.56507483616892,6.513977233290704,4.553009963309352,10.375673507943722,3.7783610761666377,49.01190685753008,28.196054219070355,1.1352838080769505,0
2.292603548243223,61.597284397045456,3.1556693516447494,3.409991781508959,8.711783376624242,2.4488142836714664,29.393391861853793,59.09838562863659,0.31036397201285526,0
3.4715328071510387,81.20940407684893,6.73921184021132,4.043117234402226,10.366892509096852,2.181801116577693,22.915932330895373,64.31584748793983,2.235453335542595,1
4.784544784612038,79.15555398150197,7.711275717609902,5.917677793910948,11.629894087109165,2.996625542589048,14.862856073871729,38.937640625800995,-0.0187062355881924,0
2.148769937914996,69.68647609053778,5.826869806447402,4.286648602029855,10.146580210977113,2.8298153774750716,11.96860323744055,58.68995624133883,-0.5974114506505273,0
2.148794564576229,71.75991074963173,8.753591625116131,4.069654822234223,10.121775073611648,2.5467719506727247,14.158640569945103,43.7078544566902,-1.684823315342045,0
4.868819223261087,89.16497343682637,3.452421601792854,1.960215788530121,7.894024936579734,3.6963874474567153,32.67126651011483,62.79241299695706,1.4310282613052898,1
3.651152093729363,61.12642916746255,2.510690593377166,5.119380349040831,8.011297247347155,3.9553052085705107,35.08725023229934,31.952916493643187,1.1722196603779573,0
1.7957884210975719,78.20646071755057,1.4425595021914428,4.968226271711613,5.792184184600919,3.0884068862918475,14.188092979678666,73.41290015817046,-0.5782248073793257,0
3.313840065378947,66.9671102134916,7.9920886229783665,7.24488208495819,15.248730229560818,4.477530081055262,38.950383140761154,37.244575787934785,-2.374032930203853,0
1.8048734607813066,66.7347819515917,6.308731312708115,3.5383326475704986,6.268410293826145,1.858310885866495,25.169389483165606,42.06715926536917,1.6949866385900538,0
1.8014053696446148,86.48165277980786,4.8888306581790895,4.328725491495908,7.921284406612278,2.806340540720282,31.467930119855495,23.485517124820987,-2.442910082729632,1
2.862943407349051,82.38124523482045,5.5599372526396404,4.374075525566133,7.844778203292408,2.283177679397195,46.122206282554245,26.690732739276584,1.0184988981452547,1
-0.3699203669866966,82.20264454000957,2.749021905403247,6.366179919645211,12.684773130833324,1.13346338292694,38.96839315865532,50.95171416273969,2.351285548630285,1
-0.08737674876954937,89.58218210731494,9.891503959233653,3.857056701419572,9.115150965123917,2.9173193141573006,27.314693520941677,36.05556060367829,-0.31169335925898256,1
1.656568706138541,70.31505762449139,5.258442363950455,4.418532288655509,13.743226218021201,2.8782524916167165,21.088077745847126,70.12881354453165,-1.325132975020236,0
0.9807533194983642,80.22929456942445,5.218789589209786,4.911844764574809,7.979528127268394,4.5134497432421306,8.48184598670695,20.88160331929723,1.0243550502169088,1
2.971370998892911,65.34599865109816,6.451533247797384,4.279913684734537,10.836982486671406,3.6308116845547778,22.808466807575797,42.74564292031617,1.585640710077926,0
1.1379638867181836,74.86249528732664,5.962018463473426,3.3303495781742076,7.493958840220728,1.975813175670795,27.888697611723057,40.24073280614556,0.23215158038923667,0
0.3815444479970629,68.04785418448473,5.447768048558263,4.291134989347461,16.435447383320167,4.854092566334188,20.12820472848816,21.15965785505606,2.3351763762807307,0
4.698473153382331,71.45493947489078,3.4190510891093764,5.610447624789658,6.437204742911462,4.221033695525353,28.687430329076953,27.462103940030612,-2.2416563917101944,0
2.1613355492701967,78.92735538155371,5.942936714271991,2.4602270508834096,10.929462130681083,3.582097703468616,30.76851882958768,44.81856049511812,0.023977991522640796,0
2.6012923070318856,57.726689751497915,8.764048992950068,4.199454511220314,11.901330642796296,2.773515901150168,27.751440181919214,49.5718750668468,1.0922697366127503,0
0.3628777206798146,101.3858091352819,7.690840092309955,2.94981877759124,11.241397292354495,2.0405607632765204,23.499974191765403,44.25738483529214,1.8132023557458945,1
1.683425913212226,54.90973927750447,8.186373253278795,5.792569943387264,9.444137023366874,2.627793223928947,31.686546719667277,51.85626070472563,-1.6037219404610497,0
2.666383884564799,51.787170808184015,3.9775686471376295,1.715219642824338,9.610537900799722,4.088748619704186,34.41940649569409,55.70790049434089,1.5000174088184073,0
0.7735096338665457,87.37166310250102,3.020790359482838,3.1616172290926174,10.13143441593733,4.884586305934609,19.09600922557154,20.595429267670138,0.26353537859272613,1
3.063547027518508,81.87494040944404,4.748426159800704,4.565817812596781,9.558993995114534,4.543243528272189,44.1093237974627,47.845709567210235,-0.517231590050184,1
1.5990419651217924,79.36179725578234,5.111449824577389,6.348286043851511,12.891637350384729,2.511150578213726,29.014118677157384,77.8099544532553,-1.8414248571045322,0
2.062459375310085,79.4251826389642,7.188383036941897,3.901374608390518,16.631569004774054,1.8803825667109888,30.188496229448475,51.14193680777292,1.8264787945445624,0
1.5974400816559047,69.81629840729629,1.6150707405703613,3.1672007099602024,8.3275246449765,3.140886246911204,37.08214423256557,60.65253604753719,-1.7136339591014234,0
5.278417276763406,56.54118442771252,8.059100638921228,6.821735604160885,5.890591061262766,1.2315606344371484,32.332161312635016,38.71183147501299,-0.9510607039545038,0
2.4797541628930992,71.1370683729059,4.683984202842021,1.827979149375634,9.735153854946235,3.3231677141847813,39.53136633913245,66.43948268916574,-1.0497723401878156,0
0.9134336065661495,59.842574327318324,4.14623786010516,0.7017910650698771,17.739128012962958,2.8523974137013313,32.87124165201824,66.3752889125669,1.8570701709542714,0
3.7338173681547833,84.62679600126627,2.975791249479665,4.6600216750799985,7.588976296090808,2.5339634981317576,23.87562625359562,51.27776285924834,0.86351497104449,1
0.6687345250434666,67.79413927746792,1.6902866562684613,3.2469186634710834,14.917350416332201,1.4052969327332046,33.61503525206102,78.56082939675281,1.4834069859568615,0
2.813295392507133,57.61754204811233,6.646341167923829,2.46815077430393,15.033102442229321,3.5136001065697164,18.562737926793382,27.533012885759202,-1.247660506037505,0
-0.43950518581966325,65.1792123752051,5.146635934376808,5.06253467094903,8.339235274876016,2.4672991603380887,31.08559705776523,21.01685989337486,0.6243704980349944,0
0.5077209266523544,76.19397181413436,2.4200782005178922,4.365701070656798,11.706949237555826,1.830083164289712,29.667700093555393,66.20949270542576,0.35872991571874335,0
2.7952918538036853,61.54413170794038,2.409842455872768,3.1538820538949075,14.885189869385615,0.12773778671835068,27.918831427274604,68.42933224189295,1.6641518839413552,0
3.6076998699931155,57.666694066503524,4.328430601419743,2.0795434019936585,8.86261677703754,2.9724850949493637,28.714624885610693,27.212433747234574,2.0304353024063024,0
2.7570524217849557,73.65530817237868,8.338043050578786,5.308685992420217,9.389258919692915,4.772251596669744,11.181509545023609,35.93496997751636,-2.439216142613066,0
2.3265275764176394,73.67449856663085,4.48081729727279,4.975301766937991,8.254957258154068,4.66125921454787,24.512750922590385,21.053141801997736,0.8700995952939632,0
2.048344456616067,62.39585236943305,1.9937140937637876,3.8512362043309256,6.955729807921399,2.5429037434137283,30.928449011411146,37.598516646833886,-2.240821004401355,0
0.28221701444885916,62.93442541572516,4.508513871828112,6.769955494071499,8.052167364801978,2.3977879396382193,31.598563919974005,66.38851243512029,0.24429332538677961,0
1.420233687407937,73.48074906036454,4.454552860504659,2.394872850510771,6.32817919971323,3.4687742560750237,19.72324859074042,51.07763166275474,-1.061836354781609,0
1.8090418435603186,48.27873487754014,-0.3937732858831433,1.711712243612892,10.102250404777678,2.0016145608117086,42.65707840864701,40.88573559009728,-0.966117002389294,0
4.085683339328374,48.888043384351676,4.8914102669643755,2.9621378951781336,7.690080306824075,3.3017918998194657,21.338251517854992,42.30435769437982,-0.7352074827382171,0
3.0154274343526923,59.22333668121346,4.538130939582644,3.9316209754667533,10.701357735372243,3.76608027838469,39.69457200526737,20.08121754292809,0.6064622452480508,0
-0.1445602330441007,66.7982927243223,6.3924127296268365,4.3650091739840375,5.332313061389118,4.226933223884307,34.27194361871685,37.98803165391415,-0.829750171656154,0
2.9861259540921923,74.66361348397007,8.69791218989069,3.638145913215505,10.99264069664337,2.899845923520047,23.537726901561967,58.78752449827583,1.1634952529514022,0
1.9223765793755252,92.13034325424329,7.253130059095515,4.528083094771445,12.500586884826774,2.796326249823034,47.75310892609512,78.45166662898143,-0.47736307213065166,1
1.4846169995410619,82.86489434803029,4.462222618890339,2.122690863714334,4.018793072285634,2.122017413243439,18.0636316824352,70.82364961903397,-2.158233998450207,1
3.417514433261302,67.60092205054859,2.7869481825166593,6.165646906109889,11.122169709542716,2.17311964596014,39.191541736100014,21.41569787873175,1.4187992124205362,0
4.046499283743927,69.71475688145966,10.14671960649972,3.876773232411147,13.683006977419875,2.7735211080984734,40.005823180429786,73.91363628049035,-1.07120837703647,0
3.8969201786742977,54.96205953043287,5.118436868028977,5.675943747382192,6.371076943926384,3.367365506816178,23.29379790923355,66.99190479791756,-0.3361656020036867,0
1.2411737151660422,69.72230296011415,5.027858583825893,4.5140880195665565,15.01771716051311,3.9135846262332494,43.92465300064329,66.82256741425883,0.9272194161095078,0
2.036181436223178,65.67012041619793,4.951749825779993,4.685129828730676,11.257057028098135,2.196821049319655,27.499534854010474,47.47974554021429,-0.83771921425644,0
2.996895147105346,74.84077840507135,5.39616952153571,4.8546509203483055,7.884964432724773,4.4926885689595215,32.88693629279857,43.88031757727017,-2.2170717192664218,0
3.963317690683539,57.59153584671515,4.711279176152115,4.671562840025972,9.832692767026883,2.728876398957431,32.603218387712204,38.174943729991554,-0.630394764935932,0
1.781238643232065,77.79019771361759,3.8526759862395275,4.964084139801316,11.674980737565168,2.978632705651564,28.65691258529452,23.941691537261946,2.2222429134715167,0
2.2215115350042742,92.99108369503867,3.9062821175192157,5.993728795198647,10.228016174237235,2.2527883208521766,38.10808273159782,33.69412180962195,0.7086719864927908,1
0.8404975389909577,68.36859777314713,4.934493459568003,4.294781754552205,11.616267977339108,0.5757597397270584,37.93488720552213,34.79621809868148,0.8573957433360349,0
0.7056900638789938,76.02567583148412,3.91315045773247,5.063505636382768,7.237979220761901,3.8840453963610497,12.514680267618193,49.0446241826121,0.6614107681881993,0
3.718788733591297,80.35215987566669,3.5743084346456713,3.86539645856916,10.508082472108233,3.7368438970924336,43.043402428781526,64.84666439580164,-1.505039305202816,1
4.5343600428562345,63.98169292171246,5.212860455383794,6.160175823174209,5.758856509285059,2.7186724428817866,13.375080119643258,48.428589703876796,-0.40833067948859947,0
2.391984817629499,73.36138722715626,4.490045565158289,2.9854115469110956,9.6663218159539,3.066990717224872,40.32546204341657,23.470666966829636,1.2546989918165914,0
4.0052993468380365,70.18888601172692,8.007985977165378,6.701410649366224,7.288277075605631,3.5159392177040996,41.26705136827583,77.46738805929223,-1.9931355122342043,0
3.042454037571451,71.46514147823248,-0.301939616786024,3.939763074033485,7.7934101722307005,1.4374541431134573,19.09033569784802,76.56345914564673,-1.1107361195514387,0
1.5323203680923136,58.404853242168,7.1830137038449235,1.8538373468229277,13.708279525631312,2.4709473226537053,25.89185712045415,67.1113725889045,-1.118404457670732,0
3.042093408262621,70.36765261388415,7.492170384995259,4.192156622366184,13.273930361782806,3.7942646796218273,18.94295331514064,79.47967409385323,-0.3399053620274701,0
4.807054849698954,77.46997436868175,0.8532195351837011,2.9784225137876787,11.82741436272153,1.7457105768307506,27.850789697112646,52.66893996801578,2.4018437047109256,0
2.4462609413350727,91.76715411692562,4.314624811839303,5.260965323483086,6.723061705982263,3.293557932166629,26.919657158142588,77.76610101519236,-2.1624872665808903,1
4.846965483721009,84.3890623912781,4.257118268008417,3.0210640310464134,9.050774650915594,1.643418195376595,37.796605322693395,24.536302437005048,0.09350497190297524,1
-1.4296176561346163,102.29773686267335,2.1849766105643575,3.3307248501778304,13.63929309993755,3.4664299824335263,43.10308746119608,41.940844895682275,-1.6031765899389478,1
3.732853756562836,58.489786556679256,3.444366624818249,1.1656889035817035,10.425150740919713,2.9643585177025162,43.95683810789956,33.52287608040595,2.3533827270487206,0
2.630570602357257,83.08480955081018,2.7788483090683425,3.321540521126385,16.957988619945084,1.3848681840944905,24.37831973421698,31.749985048056203,-1.933482476362679,1
2.051488974301199,72.75013008607527,8.504540886847245,0.3641810100565648,11.179953518183115,4.164739354457171,27.90778126255472,28.448176933560564,-0.481994988192044,0
2.6376411648032536,102.8470439982651,6.871356786294922,1.624145764771415,10.576147349470094,2.2654084232019507,13.165618077790498,57.3448184939598,1.1894249241730308,1
-0.4813533719013394,57.87552571967273,7.543110189988317,5.1406219842164464,9.072650607392497,2.189747562985619,21.94129933503811,66.8793113448383,1.0227721401372265,0
2.170492168243732,57.40417236728836,6.44334412808647,5.178700237976249,10.400622714346847,3.200569197230943,39.64851633097457,54.69790396522164,-0.3863568155303385,0
3.03566885726762,61.009110318339665,2.7418964575655416,4.6381863426774474,9.542590490858368,4.148637349428715,46.15582823548232,28.81776257529258,-0.7673791602364088,0
4.716841067112274,38.141564135352894,3.9509594674404527,2.5495357853061806,12.12432603006577,1.984178181021603,17.65651128120078,68.66742619600825,-0.5119381072356473,0
1.722594672589529,62.113674674788584,5.978749122455836,3.9284329657870303,12.870106950383752,3.061679849847972,24.075357408471056,58.15728242982371,-1.1786186842068036,0
1.2872595956602186,58.61301007669453,2.5557443822161092,3.9945961913641472,7.642031618476151,3.428816500330573,29.73594243041073,43.28994236761973,-1.473335306466001,0
1.7473644346231951,72.25590679714311,6.425996860344776,2.262452966211186,6.006301139326666,3.693105607263144,32.80161158819607,60.44781773216378,-0.0848015122055501,0
3.873103176553111,75.12633963665739,4.5193492036837295,6.255097452650726,4.49138388069011,3.176441555277225,21.90396480078354,35.59429875456997,-1.1573312196619634,0
2.9931266644895267,98.14256258823829,4.250358384900805,5.316043435863508,11.523973980737631,2.632972160916678,34.24061044464089,40.71153250965263,-1.0626916755137494,1
1.7053596943494418,84.25635757279075,6.421919936406983,3.668553739255504,6.689900181478379,2.1724097793512804,25.261606529290837,75.04915058791941,0.7837803173727851,1
3.269901149670034,61.346445165063955,5.88852662297208,4.040328758491796,3.5413282211425514,3.0861438830463745,29.85547729121721,37.43027034028522,2.342686658499461,0
2.6456163240220607,56.52377992977463,4.278067668361841,4.312574211921329,11.165735813592892,1.927860988014393,35.462842480037,48.19929608947619,0.5181860027968757,0
3.9529674857993338,77.37878757259759,7.318659606728496,0.937397697363564,17.47899855229837,0.07864951650539265,30.06422269810938,73.40846824376088,-2.1151026646751685,0
1.4469203591839714,50.19650189469037,2.8378733448002054,3.6292339262191047,9.98178726538032,3.436559804157668,25.636141094734313,62.463281016051646,-2.122081930729665,0
2.008506780103348,97.47188148781531,6.231871213888527,2.9770236280033022,12.515472323354926,3.9039348410861954,28.903901960741692,23.732193569882163,2.25711610422783,1
1.9118377703017635,87.69160181081931,6.186202515936768,2.497569985157627,10.245488075642696,0.6370675644581616,29.116370407946647,28.83818265673822,-1.0135460484633319,1
0.30472757780182214,62.962365218429426,4.38090712137202,3.5783495606710676,9.703331040426573,1.9902692952900625,26.299889701178724,20.47049544631501,-2.039665069587623,0
2.944180415596864,44.30298206363683,5.652266044484236,6.696529790274283,12.757229448963306,3.619154261005198,27.412039373328977,57.855307413749806,0.495222935751908,0
2.891582908269834,90.3080856124812,2.497772847229394,4.961264291900514,9.129176367434045,5.057495469711698,45.986471705047165,46.8604055246251,0.6182438914513306,1
2.5076701849636915,68.28190232121074,6.848054038413802,3.143231515325805,10.80217694221571,3.020793707675408,35.60919447941239,28.056491054136533,0.7425241005934407,0
2.14811929993728,88.56724467960193,4.630195727114022,4.858874172034238,10.96509341858804,2.2719970587708653,27.045196819708398,77.47604726340623,-1.1629898607122935,1
0.37694388692437863,46.08358511808449,3.954553958961921,6.099033154879003,7.995728639070854,2.81710355889516,36.969544045107355,51.7795834367372,-2.4244465789276246,0
1.8690320158519613,61.00937465569341,7.098018451673779,5.386950524369153,12.976127048609568,4.374876419148185,26.6618051024399,34.51359764677335,2.325076847272359,0
1.9859282252098458,70.07865549577275,3.5913126189144817,4.089445554880261,9.475120729913774,2.3540358208754646,41.73124637586641,50.03621426928245,-1.2455347715444876,0
1.2965840961675716,70.70470890647113,2.1830774072728807,3.029594833441639,7.7327645215214655,2.2008079933497466,33.69642192198094,60.777219964106465,0.8801314402627374,0
2.2580714325009863,63.249017927811344,1.8867416529521925,5.047334970420385,11.60952953071121,2.5172564778179676,28.92697855995771,24.574353078413868,1.0331493493935477,0
3.106076285221808,79.34274898521248,6.21201990269128,4.590228078132625,7.304596054626888,2.0466713917412878,34.477169258102776,36.482228902873516,0.5500370853974283,0
5.329278851815795,53.98569355926108,2.439141295007434,5.342789830041598,10.084543472107384,3.1226703159947955,14.291238479315007,68.41792945303962,-0.9354630289317589,0
2.7618667192477586,67.8643077246806,8.50958836396873,4.9527577025229546,9.97264301006739,4.62467845846956,18.73232531090195,47.57989222415968,-1.1445187311796712,0
2.886325586084147,71.80443447567848,0.8361411842325559,5.574329072979003,13.257686697494734,3.3230792731160292,18.060749936009444,52.794628521937696,0.48834141351351557,0
2.3883311263507494,77.71658251088124,8.392912736580076,3.197147182659148,11.424094698639859,2.7476464978737125,31.429430947637066,45.96896013256816,1.8304781680584572,0
-0.37815682294856234,80.67422317133335,5.422034934405237,5.976091098451489,9.924919123764568,2.708188731084456,47.32514999485092,22.633996558580307,2.2336686446169782,1
2.4602291868261745,53.13036862243196,4.806573776259215,4.296399407038599,12.453298897600861,1.436809191303343,52.31300146192632,29.944986789209356,-1.9704709779812117,0
2.5903453149115396,46.98828743896567,3.9101618263821005,7.112891308937899,14.170622647051939,3.883109777147159,36.380511014407574,46.73249832451346,-1.7258569370114007,0
6.194863168727929,89.16515232847763,5.798272228704142,2.9662182728656483,11.673430919055587,2.9221628029871978,35.00844474944457,32.551127924475665,2.223681293915398,1
2.2114585528283164,74.98471017969388,4.9247305951503035,6.603945704747874,10.031057859530142,2.8195200864093746,11.98942265847261,22.998741719580725,1.182676141673963,0
2.9523210135004185,58.7727019516517,7.2066037640330425,4.296866175193972,6.064491302949522,6.19310756784486,24.57326200265978,70.61897984310943,1.9149691241488656,0
2.447932345442135,93.26727963283784,5.228455297324079,3.0228729945783277,6.804659010773882,3.298752908365686,22.12216248091761,78.87155174984696,-1.486836829323284,1
0.746982943570702,71.73511951439288,5.300603522923756,3.2741712489185177,9.084325886935996,2.2482089499048157,23.79152401748884,67.58857243980437,0.4379293555470092,0
4.21423422177253,87.6894577609574,4.272775575572288,3.51947903770852,8.171463393522151,2.5736424037944565,28.318561814152105,71.22709530228002,1.0056979720873684,1
3.627899549030161,71.01277722115164,4.886108752557865,4.636248919602875,9.439086091043663,4.148445709196755,25.27909422302873,34.518627819022726,0.9005594272348634,0
3.6865479205645704,100.91121887322981,5.615603537784119,4.784253232053249,10.169949774691322,3.1132704105377647,10.207001896242122,77.63761853079198,-0.4592415456665093,1
1.1359188178078916,96.33011263664807,1.5796632146867489,3.139449994092131,11.589078263070192,1.5617220216826333,37.47910256117534,31.815542267205704,-2.4230255415434576,1
4.604191466404149,66.2655377728139,2.303629155788574,3.9634681116085257,9.788503665822727,3.9192289345752034,19.272569742601934,77.08578862170994,0.41463028402131563,0
0.39722340581157844,84.57356426431534,6.48652818804543,7.2134055379177955,11.459504931478605,2.331855914461006,32.39246864111149,79.68915763795707,-1.2344923041019562,1
3.3802856407004054,79.68063924377721,5.341730876255884,6.591314755151068,10.193423244430361,4.873297776217545,50.740826697499735,62.70336834476292,-0.24872876928554843,0
5.785683438714968,90.52947336298523,4.632033327294642,4.654485504511048,4.073600300938386,4.0800480657146485,20.806154084135766,78.86862390750932,2.2879050754190864,1
1.0141955123039674,55.52614809129843,5.036867866130787,4.057005217252301,7.181993818543737,2.5526781043412488,4.697124772536704,54.17238677402622,-0.5048234117878265,0
1.6505534055958422,80.29077189997659,5.695163410723342,4.1800469900773916,9.567737332835154,4.281016361735113,27.13995778119889,35.57250699056542,1.6990080333221336,1
2.649477047631462,85.87636730274382,3.920480639381277,4.9202769590956255,6.370915771476677,3.0678555105274032,41.00959634998571,46.219753139937254,-1.5572969712537443,1
1.7447865188257012,43.618907703653285,3.4433905491953745,2.4658111522023916,11.799786189988613,3.8527736751222195,49.583474542205934,55.61365612272716,0.8623024901251441,0
0.17400485340080074,52.25112231001337,5.391690510195363,3.6139351938649824,14.592252497031092,3.484732817294475,17.70450405547583,24.384893721620898,2.385034772194717,0
2.602844462209041,39.411517333598496,3.0432544447699357,1.4971238891836158,13.65628555509195,2.1536433450091264,34.966992232365214,57.340595877034765,-1.9905344956353161,0
0.9065444294108427,65.95889748333164,5.816505511428944,4.598834683907919,9.359671387209376,2.356450167682538,25.346895432199467,78.87067020573767,-2.45840028886404,0
3.210388645952772,80.76313383693943,1.5948327915243192,4.970793909554112,14.472178410549855,4.029960817581161,28.940516456958644,31.406458987023658,-0.3320860368369285,1
1.1208636486492953,92.53535578144042,7.058311274651287,3.275220306550939,10.446002371606335,2.665224667893459,56.44343347017035,67.555706977303,-2.036872584743164,1
4.824901607526309,71.11142170629662,5.9451949648260864,6.360980144935049,8.988742086645882,2.5963515367580032,14.970296716048468,74.47392762677717,1.2419217483811567,0
1.3251200614956444,94.42923318356938,5.5120594686277515,2.161351505496488,8.159792009377181,2.0448774206506473,32.537396614945735,76.62209556921326,2.072743319242795,1
2.0169077256914867,49.29847812677663,6.965381967891028,1.8034376796852696,9.092590940535615,3.423599065593461,34.676931717654334,77.60813626432683,-0.32989513645620594,0
3.720275826054505,44.44926340967268,8.330948888925153,4.336677727839958,8.835469544376313,5.062524919243145,40.857863249393475,51.287578323288315,-1.2064417892227952,0
0.6537035253490671,69.16678451655072,7.028740130036261,5.570647453918232,10.511248667126463,1.9324670857457271,30.979831534708953,78.63847447949021,-0.3279834049669512,0
2.841189901906194,75.76098173408961,1.3182515373367094,6.525891537186803,10.481721943149594,3.0242194566727583,33.08050539504102,65.43861242806634,1.1172390892500053,0
4.460714131423642,69.5095787785886,2.440846066528597,3.31167360569659,10.009138060460243,4.412220555415429,26.08351432578209,29.700286174217716,-2.454729192098145,0
0.08877514815815868,38.98836849940185,3.7503628446086426,5.618021250146944,11.31081450923905,2.920358608754285,32.69126941245107,48.614006388078195,0.4472699474234858,0
2.7769507877984565,68.66319940730817,5.052182100421668,3.942237295748939,13.571938824359023,3.452371796249734,26.568077245025897,63.09987052232024,0.5664584244368953,0
2.8898241913726355,50.43295749242721,6.035318040938246,3.7410590500887704,12.848662406323971,1.9376064718531203,36.21571889856051,34.840418949145004,0.6884412344796775,0
3.6727343076659658,80.04508823245058,3.548512373693069,5.3254899062300085,5.5453060946502895,3.4283070972076484,26.30389663956366,58.436911012933244,-1.289889600095614,1
0.6445739336828771,75.49897369145272,5.373533528954157,4.978484317620129,2.338236595294136,2.812855734995451,33.77100393902187,59.99602874279715,1.0702636168906339,0
0.5193150803735855,55.90180320508967,3.489234135293355,1.6354117645236261,12.80295973371782,3.985729995679863,29.707371863150218,29.761984628513954,-2.043042568341118,0
3.2829123484253464,62.2919962399496,3.7769643940161037,6.214810524588843,5.899363904753737,4.187386051564751,41.26050250772168,53.905118747165375,-1.5036483176659958,0
2.945477009849779,54.11179717166573,2.1866778063035555,6.0701370312211775,9.32570379432195,5.589563642018614,29.486062764115136,66.29761465871647,1.88735023327241,0
2.8757392755188147,69.05981354090243,3.1535335077781914,3.061655947735706,6.489660921821922,3.5796331732135758,12.269675317931185,49.933739872156515,1.193615753632832,0
3.0196723142454633,84.32713480751858,2.2966307887673327,4.593705300156113,4.594058687259941,3.3257963165821662,42.619215007139914,20.726187006566445,-2.4312722299432736,1
1.4799629176322637,55.21410930496684,3.0482534940453343,4.7410452794241085,11.624388184614364,3.194384301577336,20.94267699137381,20.54230814475753,-1.2581186981509989,0
2.8483805457415055,77.56069773276766,7.107283593215679,4.391010648735861,12.27746548090794,2.6468337071893115,23.462336613511802,41.42176063820073,-1.4279675850341773,0
2.939608709948022,62.04613572441339,3.1012022223361138,3.17454226923187,8.270468797819841,3.3384838434616912,24.043387059565077,75.57164410590693,-1.1459683598151371,0
1.4284728729604483,58.10690751606484,10.26476412967478,2.9925649480929226,2.2268731235652703,2.7045985898609706,43.74438093170817,33.72060677621653,-1.262201148600568,0
5.298661766717135,68.39454460068163,5.9866358017617785,3.961668893512832,8.361266655242552,3.168460976269614,8.643257860213044,58.06182133230123,-2.187368521285771,0
3.2107493813676813,54.47136516370939,5.369672247389747,5.759093528889047,11.17541201620764,4.31759753560796,61.37748533659994,33.324552241599235,-0.2052974170158981,0
0.713044754196027,61.69526041979227,3.2832844396375727,4.8154002318916485,5.563265293677613,1.9934574347203589,40.56056809066052,39.300199379572916,1.1636673739308256,0
3.4848304129507444,52.03183161116728,6.4006197588179825,3.444078501870841,10.550079759337468,4.139878561129045,32.2323891412916,70.88252537608903,0.5336586235871819,0
1.037977494659018,99.47087699374583,3.848724347524452,5.157548065972517,9.954070452481014,4.3171150673398655,29.451059993837138,63.73168653619681,0.8643583429903989,1
3.680626905613678,70.52895327957593,5.244019629290723,-0.2728139309451132,11.737874498803265,2.881931473008921,32.85554074857657,25.723956638792636,-2.0942541073188043,0
4.237893368511106,59.50411738011122,10.12016907653759,5.723148550558156,10.35874110524246,0.8781451009914054,35.211224283793385,45.72212125918602,2.2574535508839357,0
1.2689765224724343,73.20969866101333,4.8078802005507,1.3904293318328507,7.080793177355334,2.3921780129055676,36.45215585950057,21.750185818715867,1.692459169215124,0
3.9450641938664828,68.31507925463755,7.298546652571352,3.456338587895302,13.589714504993474,4.296994546561109,35.55604466003449,48.85340879618054,1.5254515924783139,0
3.1191713904047473,66.68545600700166,3.593647149748225,2.320495158060784,9.52441128091909,2.977131937701118,30.89580681255249,59.746040702064086,1.6149190252088372,0
3.7330902399917347,79.21250050065137,4.930023019006077,2.0579777864186415,9.918086381470204,2.0006977677050894,28.026615796926738,27.11015741588909,2.1635525406638063,0
5.345189473980922,81.36261565070957,8.54160127127102,5.741240181067779,7.200196122780412,2.4952250787717825,28.48726716346488,37.333096334549936,0.2212698305684886,1
2.131917825995694,62.04248278584209,3.746065884424465,3.2984481980321627,8.67015324642547,3.840620026504553,28.05091719647319,43.87019753012942,-1.4985899106618705,0
1.3693957534637655,61.3627263903298,8.624897115993857,4.519755822596074,7.345591857919297,3.5467335682013794,41.337700968670646,75.17186147936299,0.5839180392627057,0
1.165728355561715,65.87422454272534,6.415503870910951,3.929619131681224,9.481161820229731,2.7610679008303056,35.935567222808615,79.59530092537784,1.214407468339695,0
1.2762845725518426,35.471182528966224,3.8750664482114647,4.715561240834682,15.13512544042703,2.6331755881853125,0.5961136533571967,22.694677939736952,1.1895869667701269,0
2.3843474358788437,47.27213406702172,6.264815478111042,4.115232836590383,5.884296571205931,2.608241850956178,36.55900776529761,65.66047540972352,0.10724512083440052,0
3.011727962224966,90.50311401166786,6.9451088992534595,2.075511663717146,5.159315806369777,2.0775898155014976,31.947361947187748,42.30344398414059,-2.1577064033321096,1
2.9150361989950286,94.67451570251926,6.243619924434393,5.49440022917071,14.413510982480826,4.615375689469442,29.812912435541026,43.547491173768805,-0.6444353078493608,1
3.740774873554036,66.26445940665432,1.8595505602190872,3.2593651252580313,9.372028968544402,2.67767953078866,26.114815469111143,65.25589840082137,2.1038330423167864,0
2.5195028378168605,78.6483544458365,3.545725648350263,1.6651271520103732,7.99278178402025,4.217158520825496,41.24112719986013,75.10558592872451,0.42224454878713,0
4.6803011157359755,74.66875231815304,4.504962728896991,3.357827258551131,13.11971406218823,4.521316051922451,39.475264621228575,77.0557156701529,0.19165971627856715,0
2.103014750143066,116.18321212682856,4.851133141799908,6.2511396859514665,8.183153380789408,3.9983108981479605,22.27122332176391,54.627355162299246,-1.1557324280890324,1
6.580253749884428,86.79362367151865,6.241344195101356,5.27533261317024,15.478029140640809,2.5683796872819515,34.07052287124535,41.42726955803017,-0.6577554004171056,1
3.438501021647509,68.0812361277885,5.355402001866508,3.4770217983882112,12.033777614017808,3.4037300903366097,20.283432654587138,67.25294515152675,1.9767304457658463,0
1.2142636653755763,55.666893390993614,2.3293112825797975,3.476113443522357,8.536265775562892,2.9758043936090837,16.203818352110694,35.060082995738014,0.8323152376341785,0
0.8936612529083314,45.903305196136415,5.760395702011927,3.517547423173926,16.471924639796512,2.096298139269872,23.73282775410035,53.84444173001106,1.436935133761664,0
3.2237086228647778,73.05195453800835,6.221171490567646,7.115121975341261,8.182855230989984,3.3243592817216028,38.62393472382759,41.51470769149239,-0.22827288466172435,0
2.164805822011224,58.654738820735446,6.11958089586208,4.57290317834733,12.226286116027921,1.8209602088401975,39.53125045376087,59.397864422472566,0.6512360972807896,0
3.571000741138138,48.666194356034886,7.161561451109243,4.645062470786605,10.897877741219476,4.1876793884615635,35.130854200972934,34.42393477361041,-1.2580819562839625,0
3.209856436860317,60.301406736362104,6.667844309097808,5.545425181047763,13.905223868196394,2.535382702701607,37.25095786847997,31.495576744089547,1.0273041514174315,0
2.390756631014691,53.77677994578407,5.918360158456873,4.35818373853977,14.684533590180557,3.2011596558728392,35.16178287114958,75.09434520052622,-0.3619933314833137,0
1.2298094228973926,95.30712452608847,4.859668577082706,3.6114367812689454,10.0960124471973,3.283287871546142,23.585184047770476,26.108220976972213,-0.2872724259262722,1
0.22772916297120283,83.22459635424175,1.6780781329680172,3.7054752263725326,7.73974638896145,2.741095026295923,34.31922544673941,50.3574744640959,0.7466116228844082,1
1.8302275718994685,69.88041038025074,5.859236438265172,3.8925981108789043,11.37991642881735,3.586693801475275,38.00409525227683,33.251166977780535,2.181403107344633,0
3.7845981914852085,92.19916208335039,5.4153753743262225,3.9441666452352377,7.966853890743682,2.5250963433774753,37.542913298135744,22.335797799540046,-2.1799682669568954,1
2.821140616195306,71.16052461471428,5.543157674390747,5.09144431545547,16.04016174257987,3.871297297457244,41.88913371474643,22.161129097485585,1.623716186735038,0
0.631391831932018,57.08073698007605,2.446502848359381,4.077918828710949,10.409605993248212,1.6540203197532515,37.083038472010635,30.513306326349642,-1.0380844479390343,0
2.759771388776773,92.84686115904486,2.8378869191834752,5.098960115823369,8.904035346063674,3.1263795795464118,33.51448207541583,72.00622127036002,-0.2804027274681111,1
3.077976069593255,78.08365065526988,7.1063057066658075,3.8789251298371266,10.554040917594726,4.938928999058285,40.701502383164275,36.9487246386216,-2.390433356124955,0
1.1742138456983005,54.441307685103155,4.92088969228669,4.117952785474136,5.9586211314109105,1.9996686753944253,29.734787407509398,77.02755023451775,-0.9947696108284347,0
2.730587658918292,67.14491982874588,6.363001394745249,1.0026989732018388,7.085157884468045,2.3222550294751487,21.18125348772282,54.897337579351614,0.013156213150652185,0
2.5873130776689997,56.86572619922865,5.056636752260922,5.374491512053722,13.601241723833276,3.513907849658915,28.369330360562362,46.196851386125964,-2.219119613262805,0
0.7855445532540655,49.25800403553496,5.05951227899149,4.519732713846989,8.029317163085812,3.179581781939598,22.55097355193551,54.80533008016727,-0.044521353084174375,0
3.036681040522425,83.89266321297463,6.876567611951995,5.497015164789478,6.859267051954181,3.3506300992735594,23.248217250256182,51.00190311357606,2.1355531442921363,1
3.3411767895523514,98.64124960705196,3.967910543565252,-0.3443830672905337,11.609958257581859,3.4891871301476636,28.554813292844823,65.5265752254395,-1.973033909460974,1
4.124576864762916,49.02148639271288,5.192241553881967,7.132562057171091,13.557112463988991,3.6347214685617697,22.075800790000386,36.949763958371136,1.3222036403775217,0
4.0807030780523545,78.44453855035856,4.075449422589915,3.7906155577672394,12.1568599319952,4.109699841956223,26.920384703609596,41.183023496018144,-0.4516447331200366,0
0.43349594806436365,60.2403614631726,4.131007545135369,5.662274225106275,12.98814305741745,3.4098186569285125,11.063853330462145,73.64565815199504,0.7758685726216901,0
1.0932624401273159,62.69311924352956,4.381655753062721,2.440141109311704,7.7296147342916175,2.7587423453814575,32.13293707372939,76.78739078902433,-1.1988170100738533,0
3.2725529008129897,61.11409113641696,5.444267543267426,4.919160857593854,5.734567999774469,3.6725737012027313,30.01205475362224,73.55349364918847,-1.7025386872932087,0
3.270678926368313,57.04013845480276,4.042502756673045,2.419876655239516,14.50400095586646,4.899881934895216,21.829113689318092,45.16687963743881,-1.6976869286438678,0
3.272571529459072,70.7278244191724,7.511512251147042,3.0643465589562924,9.031960483473593,2.8673662536174263,36.59245668432405,66.82193018041289,-2.1475402717842766,0
8.279097235982082,57.535748253834434,3.2107853955609924,6.871047030800179,9.247500950634858,2.0254706953293584,39.37570137626558,48.58014399806593,-1.571766475493785,0
3.3563357660397504,74.05685238669759,4.626256711677282,3.71397639885498,13.984582425547174,4.107080669286972,13.924401356310259,49.85239112876613,0.8210969249448414,0
4.203348460270899,69.24642835826295,4.12053788345165,4.326149309769584,11.66869002820198,2.8796188360464017,22.372752214337858,32.28080654343704,1.90845305921754,0
3.9310026452398033,66.41577929700385,7.893955768707466,5.305101596033131,11.367663316244823,0.8273304539859638,22.308576502127018,55.467818195510986,1.5706284279558087,0
3.477086876958697,56.386545069376034,5.393109553023149,4.743522831958907,16.495007034703253,3.8474216771504217,20.600968988911355,31.16815386520088,0.9256715493724204,0
2.0270961330394814,61.34843004147501,7.063689078937269,4.225628357715364,8.06944530885957,2.4646718140460773,38.294748419317486,39.89388194403163,-1.9478406829444865,0
3.638453830739901,81.33086838738635,2.028879253926056,4.547441503699338,12.783520384243712,2.9094667176958393,28.061738612271967,71.3018120971961,-1.0540627685202508,1
1.3407621781936423,77.5137578143657,5.534100531738518,7.605123377857413,10.171039374691254,3.3319803305690145,27.354851586893894,32.424548552651316,-0.9509656233876551,0
2.1447720898899867,55.33667132802174,6.779261591246874,3.9135718044496217,10.805776836589772,3.1904996797790663,9.961376355932465,24.26949711040597,-1.2502152680118939,0
1.771954678256345,71.48998458143839,5.164567978550848,4.301648570072452,14.585405279237595,3.7094518171390396,36.35418030209226,24.140455556768977,0.0750282985486157,0
2.622811209079484,81.27080685057683,7.130960750130702,5.575981594011418,11.52350726886887,2.5645136294301567,17.607416051465275,76.44707123018648,0.17776907439836265,1
5.971987850010263,44.95892078317942,3.9654230997992554,5.658288899436975,11.614888237148898,3.513105798176083,30.599326302663282,50.415226277710076,-0.715570124144449,0
-0.30089778888762186,78.15040288569902,7.81869488037116,5.78054545834057,13.217522011929407,2.7404533224160827,32.773769379581914,44.5647243090211,-0.73105420631782,0
3.52939028556177,60.060643615812296,9.5977962472385,4.958095333043777,8.905141811371344,3.738810480887503,43.60658595838651,68.6527148604751,1.6427779895304067,0
0.08092619321552252,78.5589800288974,4.274322879120682,2.2854926309042747,7.482370997982981,3.6153674840130536,16.911796008808878,70.14955567463096,1.4464642415984281,0
1.7921022013158499,58.55111265186225,4.1089949571984565,6.450147298451644,6.8655724179368995,2.0645612979554047,-0.19512155820825328,39.93146198693628,-0.9610208415962718,0
4.133425895451049,42.92676849003222,7.906768954235401,2.280481910471968,4.1009302318719945,4.085982116175032,31.83849544753695,61.617083448427714,2.0689422193662965,0
2.596420028643194,45.58686343175256,8.159144291461425,4.453953197858549,16.168621389820967,2.464036554885952,48.005111815108535,66.2673689511132,2.2640750850125304,0
0.8833828331060407,70.72127419992073,3.9542799456934636,2.8685862249709633,6.69037490283495,3.808057798281145,42.38946352939438,59.27904121195727,-0.866287289849796,0
1.4270444361100476,73.89583752582223,4.159626365808285,3.903792480110511,9.336239129242685,3.3672873134013406,32.096594152746256,29.095704488005964,-0.7278752560347257,0
3.519396623402014,56.43525062343387,4.436430782278985,4.493143615455221,9.169560100333237,4.838183676795122,25.083638143679526,72.55298501102342,0.02817076710979416,0
1.4044500524242949,79.57888688166061,2.311098977931446,4.482035823175409,10.922220093427303,2.7765340176281477,38.071225966373106,52.34567316416052,2.2056040626683675,0
2.8246878843729624,45.0771990659656,3.1626961070316035,4.632881131352927,12.44721163761789,2.6506832038818025,20.264538002955312,36.94834558220022,1.8815971657115576,0
2.568357759855721,69.00880302029024,2.9917184664958643,6.420566903587971,12.581420465079237,2.9805803941122675,34.76357769356219,45.513691126261634,-1.987160187082051,0
1.5225994785912744,51.834757003563155,3.464404869791743,4.68030145227097,8.250767684293184,2.6968202171657247,35.054701591666266,22.25426542393444,-0.5363462836429189,0
5.715916133987989,60.222458382967616,4.930630225226437,3.633765047064027,9.498634858640765,3.79994190194205,40.6020990749888,27.672008073345054,0.2668559487488591,0
3.4508785334770167,70.71098006974621,5.468429465073042,5.446130752432536,10.8477398514649,1.383689391563412,57.596600389110776,65.93280503095164,0.015662362757700166,0
-0.537713879986411,57.09379952074072,8.101000985628154,5.784205733386961,9.25392662144936,1.946317580853646,33.92415967178767,20.000698085321968,-1.5306846603155366,0
2.7796814721541416,64.23166683655262,3.003291918522418,2.1585882772945113,14.822036728059977,1.932197078420807,24.910363742925014,44.993949708937535,1.794083855840773,0
1.507320302847418,85.0943921382166,6.968644796953168,4.896100104774787,11.472924854914755,3.9503075919735755,29.744256878080055,51.35061086513531,0.8847039149841867,1
3.778650002194336,61.34662195715277,4.572022311548982,5.051759113466348,12.204633358149453,4.710613372581925,12.30924095110882,23.278065200058336,1.6895418742590183,0
1.311218892350949,82.53538168097712,4.901072580695134,3.553654744960012,11.988643806002237,2.8955507814625285,23.052868689109417,78.38468977833998,1.7938213967473606,1
2.3278953377996516,53.05439718013573,6.3496389843332075,6.063560219967429,13.520421572455975,2.8311782768099896,25.907175618868962,33.56751987498032,1.241779268328699,0
3.2574809184706854,77.94706266872925,2.7545559568754028,3.77491661945121,10.54306467611112,3.070052163113181,24.759116020654076,38.25192317817685,-0.30394699375141343,0
3.7986327912551823,91.6235293098685,5.764819492368101,4.188364680207314,6.10950415613246,4.161878302608191,31.52354872033722,38.23655073530164,0.5527337750771228,1
0.6995553894163358,32.92533249809066,5.332904416426112,3.7403922635741957,11.199063855257926,2.0726468658094257,21.775800676177994,33.824999727040996,-1.6981729694012841,0
1.9982481462385775,58.046571167942844,5.984902528016298,4.023368571372202,8.045929318624513,3.238368982734785,41.210306673244716,20.088429325178684,0.8682270873745384,0
1.7875820332585657,78.6560819077081,5.5783372878156365,2.355587369657197,8.41414995475073,3.97519762978243,30.00207064918197,63.76068764527978,-1.6037337213035963,0
1.520006151139432,66.9543192093551,9.91060027982179,1.8399236761085582,11.75909205626528,3.5010941699398455,29.906996788613856,78.01072998795712,0.9697479525507839,0
5.1481813604216455,75.56718810056964,3.7245200314973683,6.3917575948374585,13.714849214300907,3.189581616598743,26.72105283487082,33.4576089971027,-1.3520091962301568,0
3.1074725664414333,60.94022219926269,3.9380060899963647,2.729557977522508,10.063814730208184,4.001046092567141,31.55190683858979,59.78283150820535,-1.9122434992489001,0
0.6086740684974323,71.2988468120935,3.753718947150471,2.5129114758155393,10.92649903779689,0.2967677070007628,38.25098264667635,64.51377961752291,-1.6735775492852127,0
3.8767929205821643,67.66484146911881,3.8890457616794905,0.7699148295944278,15.106644833905714,3.6778753195309077,21.328697842890996,70.90552274543148,-2.4900393239046488,0
5.68323429551895,87.5167309248971,3.7252257453869646,3.041557378465747,10.722259538465705,2.3459243168725763,23.418835109247432,45.357751820816546,1.0936980892676513,1
4.04869789082672,73.8163126495182,7.378033062215104,2.0153653098887525,17.805049342541185,1.169367103143543,26.962739712233354,38.17585433842575,1.1620052452918954,0
0.22094505106897966,75.06403993112804,7.841008495979709,6.463022740204554,11.696528936894632,3.5112025995249807,16.541290765267853,39.517708041381866,0.07466674956629715,0
1.773648890700623,63.82184550816299,3.8585074125010475,5.514725634013951,4.717711722532547,4.373658545162957,21.807421402785025,62.75727998591077,-1.6931859947230814,0
4.400366723779934,62.6859066389126,3.3352888537915426,2.9677744822334144,12.260024863313598,2.862551485372308,25.237791264553408,69.00676799033816,-2.082228312446551,0
1.438495801571829,63.51162718270569,5.942831112772808,7.378653708016463,11.143475154648334,3.952874547202939,38.74389180712728,30.89683806539616,-2.404355167813565,0
3.1657291422193428,75.91678213567445,3.8955539114380575,5.472648230487391,13.869258262248238,4.612278257988645,32.62561329001925,42.25646048946591,-1.6712591151738965,0
3.6619510801440054,63.68523278769605,6.265863635511021,3.5127529247370664,12.019544053809875,4.314914453584048,31.935899113675443,74.116411804949,1.9542776749157333,0
1.1096042926328755,74.34662285344619,5.405846041702599,0.25089142768964035,9.584632048048679,4.639964529371393,38.50897962167972,68.40161118168436,-1.2923157914915913,0
2.4107119659073,101.13101197968157,1.9685117700055361,7.436413858886112,6.327105291131903,3.7421274910718925,28.626282116006035,79.09150416574855,-0.7286433639139216,1
-2.361901010103609,83.06687055147539,8.095010402660122,1.915641299854606,9.372930228141925,3.075433638901593,33.904648499288896,65.25489558092485,-1.9732725775933342,1
0.9634185379985651,65.10964701748239,8.591755346191043,1.5319018795646624,7.448438637372099,1.3980341881028315,28.967782470675036,43.59171206167534,-1.3881934762591486,0
2.1211477729102595,88.01820883245918,3.7744226190312276,5.533855648014461,8.258429650585832,2.7539375118700513,32.653623493996285,55.438270039678265,0.0961228539010257,1
0.6283252270527258,63.87886940467673,4.224596880128032,7.659628609508909,11.765735213261829,2.1567534046838084,24.17241342388418,59.66085525483922,0.5387634154782628,0
4.948616955897453,39.428131972332196,5.57173078144981,6.076409227765778,15.00971351305422,5.170942717497814,5.61182841723571,24.707348979027437,-1.2732384291689447,0
0.3547879330590509,54.87870533623894,5.66891357997405,4.84586368007854,11.184014589468944,2.8241141875676634,28.657208378136957,52.669817546231904,-2.211339203874414,0
1.8399332699545243,41.938121184612164,6.317088545345661,4.892131512497929,6.412350813894447,3.1232048067844858,44.227481360999406,62.559249708356575,-0.5448356543630068,0
2.696110865929137,64.72729773938038,9.0204090775327,5.280123338170462,11.333808004660423,3.5514853760404677,39.26215402241593,30.039278240063624,-1.3289831453683294,0
4.661909933599173,70.27627568784328,4.646105545011901,5.138392884680147,13.589894459936954,3.0436024463724536,39.653974845911705,66.83790304553344,-1.4022303838509904,0
0.3462067732308407,95.14655968412924,3.4034055109230925,4.421787135954064,8.170651287041853,4.695051040430753,42.36130721806218,55.0263668308467,2.299314013567276,1
4.244745628232439,74.90391060646245,2.2413615439709456,4.156301655927814,9.597948499981246,2.377350638265548,30.886575909614375,77.13330714185568,0.5815024296286202,0
2.5153495915293806,66.71349206786704,3.538139920116162,3.9061103081507165,10.044064584187591,3.1946074552372425,31.973157074055955,22.545337892413503,0.28439221586047925,0
1.0277370234280736,82.44108371775233,4.933746054252405,2.8690531166999858,7.64530506075328,2.2575294143019518,23.8234810456565,35.919568253328016,-0.4211244823833904,1
3.193155211394906,36.832970364881724,8.589115727035576,3.578987384699839,11.944841301531577,1.6799774887792942,26.8392714397295,56.09323275798944,-0.35527833284927857,0
2.798589543360205,73.53421837162848,3.964777401927657,1.4605647787069218,9.637155554176655,2.3882309090947147,36.15771149771142,37.79359473235584,0.20452501919040422,0
1.599674684261808,81.5629779083045,5.447575903277797,3.852490559807875,11.258597331721083,2.9629632029515878,42.038844371688164,62.86544984427453,0.9821490351805364,1
2.6047031274850285,47.821206313302376,4.967154207854496,2.5171133392736236,7.3375234665937,2.5706977754827403,28.605537243190003,65.54031695131586,1.0107304809091473,0
1.9220296047073597,87.15631064810394,7.376786546896168,2.344616024176344,8.687625099029768,2.307579020126144,25.498107351485885,26.150957843988465,-1.6415304614727522,1
2.670276017876872,75.07744611241621,10.053864851747242,4.269841226730218,12.167144073483314,1.5936825363281661,30.005279588565973,50.831267852406064,0.0005637603831347704,0
3.49319601178157,63.77068129148798,3.938262454159359,6.088003429516899,8.881500543724698,2.916894427371305,36.01206748929115,50.53343333546336,-0.4402095248294904,0
4.879025224218028,79.49172799159427,4.021121114963556,5.377474909003469,15.180891553700215,1.4952796259689978,15.561451838664581,42.156846212932464,1.8526348313469212,0
0.6432767517597264,104.06039286706593,7.0883217541381445,1.6442490945652346,8.801091443156192,3.7600559636896027,7.038190468627619,75.97549175418033,0.6570946060918819,1
5.6995500619844,72.72799382587743,6.363782979252623,2.5155577951444936,10.674054177255657,3.082439752934503,24.494631505084165,69.65037919239327,0.16252033207990912,0
-0.4281316992837527,73.72330879450504,8.693414651472068,5.411156781982324,12.79777249561927,1.5424485005350694,17.792875740858413,61.832562914578205,-1.9230267891054131,0
2.272322357446625,63.109586506896335,6.167856370651927,2.5262689096925355,5.7449028012009045,2.6907909229501366,24.91859802352689,62.859598144099856,0.5281894466170574,0
3.3824758097268646,57.25233445802812,4.281415818425881,3.663050275004463,4.717573564057672,2.247843594409417,28.522196811825285,47.70296862878715,-1.9139804715988329,0
2.9214878016025487,82.45503724816368,6.181309661384619,4.825078148536828,5.423031056289716,3.3191745104191805,25.467515909769865,75.25967126579455,-0.8139671221712397,1
1.5659507202691092,57.15874261136699,7.2174071611658155,2.547483317704547,13.787752310281547,4.340450446023144,44.524675344707454,61.675725635197125,-1.7857901759283408,0
2.1878166244640873,71.07349355829089,6.640964362394728,4.15806325921894,8.344425562322659,1.1248275303542554,33.2674476460232,63.73886369934899,0.9603682351218445,0
1.760498598011751,62.83513829852325,6.014548062214596,1.9989617576226935,17.674597857004755,3.1150260791474174,33.004743596108284,71.70145422724072,-1.468739430819237,0
1.6159528645836827,77.18469738619588,7.133349379178307,3.0979485340731796,8.307257204027835,2.8398672044333595,36.22207144043402,36.444295360531456,-0.54070313405987,0
3.774403145531537,75.00493157930423,7.3385911808913455,4.479672901213806,10.55365390959111,3.671340076450466,18.611668822192307,68.42425423200217,1.978373888093893,0
3.035523228947571,85.56309916386849,7.764317982075054,1.610509399702496,14.626329857703627,3.2131966282376894,40.391117874202685,31.714436177389523,-1.4784180830051485,1
1.4606356071090187,62.349754017178796,6.297419775179286,4.660712106940599,16.018278664477368,2.248030668261181,29.242357134645403,40.72051713469327,0.03902531979389545,0
3.8493998131498763,65.95187597059943,4.665763839366291,3.970543301609978,16.184510729909192,2.680946064333382,36.70480617241213,40.136627256190565,-0.40364169416988993,0
2.960949281314914,55.31854426326539,5.293427372866645,4.828734931625721,13.625098691779428,2.203974143196511,19.281427669598443,78.71152810334843,-2.4093797947713513,0
3.7192931782584404,63.33560109885833,7.413017933016714,4.335871201096992,13.072187577434388,4.076007138598598,14.462412339839357,71.39223342487561,1.4637905678640637,0
3.4444432628854185,75.65950739567279,3.366128658025528,6.046210644960766,11.777580847603549,3.0213116486719422,38.17889658025029,62.07019169541559,-2.1547704684270013,0
