gdp_growth,inflation_rate,external_debt,foreign_reserves,political_stability,default
0.6181017827104371,9.256646441930982,46.63879572302684,67.59759642668091,0.5719958782835928,0
9.260714596148743,27.095047368917907,44.57703187007998,79.87145832194587,0.8054323292999863,0
5.9799091271710765,43.647291793820415,136.87564127294513,25.7963219804574,0.760160929790159,0
3.979877262955549,36.61124432047806,44.93646797893086,62.862535861092894,0.15389990469377368,0
-2.659720393363452,40.328057393072484,48.07296165800834,57.60285233123112,0.1492494697414739,0
-2.6600821949569604,32.93916833553587,116.31575673851492,83.45020730203883,0.2681743677449133,1
-4.128745817477008,34.613828225892625,72.96357794307559,90.7026189876448,0.3610747263410372,0
7.992642186624028,42.459782578265965,118.73947797372537,2.203520376261294,0.4084555814084826,0
4.016725176148132,12.483400442959297,19.151262059013934,67.72797198682048,0.6796972168333453,0
5.6210886669406825,24.471248182157023,78.2599671142738,6.131744112853173,0.056680432165835404,0
-4.691232585562963,11.060472090980111,14.705904025659569,55.33700784265824,0.034672704226066386,0
9.548647782429915,49.38340039983235,18.771448483749634,29.47564017532414,0.391910562943909,0
7.486639612006327,47.202966984330665,136.90124346821753,31.37088335269198,0.6971636921379805,0
-1.814913339825858,1.971340568425295,29.494351956463323,35.9428918417833,0.19343534295648257,0
-2.272625491893491,35.27875862578442,84.5388955185304,62.5079524559114,0.6415044812562517,1
-2.2489323521984925,46.26241587078329,67.55338436409892,34.07094660120815,0.25982813794029946,0
-0.4363663556069337,9.028767256366677,58.62806567623797,73.53720600843776,0.8860861088135163,0
2.871346474483568,28.397261527631475,135.97666839621814,41.0482111718131,0.8956899442666165,0
1.4791752796317361,45.774414879402094,13.055275548568531,7.766966830685903,0.2972872042813265,0
-0.6315628970293714,1.697298929289942,102.93055606458248,78.59222440592661,0.2299937539632405,0
4.177793420835693,34.871013362342,144.87522078989707,29.290074134677894,0.41130397206623126,0
-2.9075920902193726,14.867450368627539,88.42354568465787,43.843921080327,0.24053158518014872,0
-0.6178302719717275,46.21980976882652,141.15514468463286,68.85894443896825,0.6723838432917036,1
0.4954276494053751,48.552912258268385,17.31610310004333,33.91315955772249,0.8260646845482855,0
1.8410497632555387,47.213324455671696,68.63106467038259,6.601979958524847,0.673092130911217,0
6.777639420895204,23.71071083287319,46.42209073468716,38.01818365426855,0.8243504472493495,0
-2.004893267624604,43.10213254946567,112.31493509730217,94.50040968673603,0.39699216220747413,1
2.7135165762041744,42.22746992675352,147.38159266961452,64.53170533255727,0.15631697070886086,0
3.886218532930638,15.955023662162782,45.914208742194695,67.47643571805348,0.7379509473975921,0
-4.303243809200034,41.44577370753387,101.58444420637042,63.59593321012635,0.3604745051415539,1
4.113172778521575,1.850381735774631,37.73366858636362,20.70022175698424,0.6712708252291325,0
-2.442138144690627,29.81349392410265,89.14623564002538,42.415052546125736,0.27064394198176567,1
-4.024226105220807,11.500441864385152,74.95054813636706,75.3430400379685,0.08122963480667267,0
9.233283058799998,6.0283442888639405,146.0807461484152,11.035916857762755,0.9925817954877634,0
9.48448049611839,3.847660081460458,95.19381817750532,28.507424832881515,0.15620150793059928,0
7.125960221746917,34.81443879390699,58.93089209215463,28.355591738119507,0.988420993963481,0
-0.43079346239944005,16.993748188403305,25.973409884310673,43.769873831856096,0.9772799325664473,0
-3.534918289904242,36.238338576438075,31.174556022890837,98.05650535327632,0.7938181039080396,0
5.2634953976823535,3.2678170399471185,41.54437019317291,7.682752121698372,0.6594229620819976,0
1.6022874060940193,15.764516891530517,45.13533258764172,52.35139844367891,0.5778070502510847,0
-3.169426477328318,26.974564618766863,129.0862480977593,18.757103519208833,0.8661015453778347,1
2.4276536516690523,39.53615824194818,88.57119035955348,97.09697799556467,0.28943952161948794,0
-4.484172183271724,15.937625146603496,83.2747275924113,12.217046968018956,0.46768121248487704,0
8.639806031181731,31.294568821850454,26.067642061690446,40.95649923379753,0.6193899693665019,0
-1.1183002759997462,44.29888741180935,130.41955706892088,74.050613498626,0.4111904758694911,1
4.93783426530973,30.79315940911523,111.19400244918772,70.75088837471708,0.427486454090268,0
-0.3243338586588358,11.647973737681689,19.47357066600022,42.85013505249929,0.3302846675020844,0
2.801020317667162,1.220039077826901,109.09691361216761,35.3058926273191,0.564231816684536,0
3.2006541901491943,43.50494369504649,86.09535042797044,40.363625476734185,0.850574528015116,0
-2.2271831671170945,1.063470542519357,21.441548404548953,27.16335005270529,0.20152837800631285,0
9.543769416468379,43.73508363420997,74.1620898140119,21.32796093197318,0.9344330387534414,0
6.626992350416717,26.4468567013606,77.85748019820657,48.820930058330106,0.6890876537482297,0
9.092484123462837,46.95338492564481,33.2084356228586,27.584841850693124,0.8232732126800302,0
8.422410256414732,39.93916178868327,142.3977405800395,29.458704824827763,0.5561906926300116,0
3.968499682166277,49.89670552666687,128.99655200729268,66.01885028398115,0.7795167014240635,0
8.828113525346753,17.535590772585508,103.66312722607516,96.88519583828933,0.01620039733946721,0
-3.6726124692212077,38.35941444655634,74.72137854008501,60.76008285537814,0.8183804247795352,0
-2.060257063712822,20.096545680462107,67.64717582183118,8.62096723943166,0.04013885908536652,0
-4.321590666341929,23.99378101519544,101.13628540113358,8.48277777155263,0.8899133763628625,1
-0.12004503855103454,31.375273160918503,86.36046171696677,95.19089886371103,0.9919627472386433,1
0.8301593453422305,43.68385570931694,18.718234823463987,30.43178824042603,0.2940674621767778,0
-0.9297645233915617,49.20417345996476,81.75037082784644,10.114631622165067,0.21031855628579366,1
7.43106263727894,38.41367069322591,122.89650641259753,60.30541412788777,0.7653633638580407,0
0.3512999004038395,20.888339108366687,74.29358286357413,62.741229050736344,0.2530263409202532,0
-0.7859823546892883,21.06785011385351,17.273920857597577,65.20197719175013,0.8655623831722035,0
3.1404412473737278,36.879115079444574,120.07894791376464,27.47280075789659,0.10284259215747671,0
-2.88613662537856,11.938857288415116,38.190929499036415,2.495957737233028,0.12595519637935826,0
7.032954711310595,5.523705656569733,46.20691688432543,96.53652157599271,0.9791515551006156,0
-3.8817403448034375,17.731107882038827,33.05888948052143,25.838411523419147,0.6738388982700046,0
9.80330404900776,14.361949582704087,56.230109082009655,67.9266025172022,0.8468872244289528,0
6.5836715394498615,14.815406022799504,115.9452107964089,70.95635711799224,0.324329377351518,0
-2.0192647769874137,11.680387552495496,82.71402033055122,61.390734290869084,0.6764837495206044,0
-4.917168243145964,2.104659481818094,38.68337838109976,31.977832027151173,0.5942418273085972,0
7.231921426822513,0.8936967366706905,132.89621094128572,27.838529122642512,0.603150120122947,0
5.602860157714257,49.386119486801576,133.14145969321407,60.16915998756761,0.6825324595377216,0
5.93510752061481,21.388656686793116,131.88097950644095,86.74346772755746,0.5753591731290986,0
6.569055200289187,19.216332357984083,43.4314695934155,94.72663916341617,0.42906236930266595,0
-3.8893302239886447,33.982364134653494,73.17350818533833,11.484674635972006,0.27592269438054684,0
0.37698592816408905,10.912694393253208,147.89855185972252,16.328032647174265,0.768581330913202,0
-3.2619641071230543,47.49805919751127,118.08174668339865,94.52888961952489,0.2262724300031862,1
7.946551388133903,39.3172507207776,13.803438971578375,73.91698760514447,0.6923543061544142,0
4.349471902413368,4.470550115612975,19.128642776468887,88.41638865814754,0.23333282264932664,0
-0.036529627210262205,20.87903878924642,74.95039275372659,21.060630779398974,0.6253301699544539,0
-4.046624745709646,43.95591537810824,137.29082882061843,59.17100123983079,0.7470782671290289,1
-0.33526517426506697,47.23660111457051,85.41825171337999,70.41281984732989,0.2187138889065392,1
-0.12225016959879476,23.370075562493486,79.69375112480063,68.33107665925029,0.05994330086130828,0
5.94409267507096,30.670569460535386,24.766317993928283,41.407017395803116,0.13097374299417408,0
4.563362070328196,8.35169730460376,101.94921466140117,2.524094277439539,0.6059969672710255,0
8.308191138644897,49.558431306848824,125.09444248403156,58.70967962362205,0.8494464062257355,0
2.0832238774292398,11.58358506917217,63.258801051058725,26.05705237878127,0.04499682123542437,0
-3.2060863109254747,47.136588706756285,118.58565912954585,45.575170368146146,0.7341512590416462,1
5.698671808344924,32.482332449618426,145.02673154611364,95.80052049329791,0.3413186459500521,0
6.411775729253462,30.386839743942957,38.527304277876475,40.50449644660104,0.4785283699195225,0
3.4191579635424443,25.63442555082543,83.26614836726378,84.14035905977825,0.9288595498455656,0
6.5645076993184155,11.533490585887934,50.19931413184057,19.66551996917586,0.33197150473584547,0
2.4069339454658607,8.826401600275414,120.99961866473751,67.57358930447785,0.46533693393948605,0
2.840992440729911,11.024310453508768,90.86307122336206,97.7236884894554,0.013682414760681105,0
1.413115275378244,9.321913107212726,98.84153845704253,11.087416986420742,0.08159872000483837,0
-4.6187130988385725,38.97922367833767,121.70798234622517,1.8236742804920092,0.258591591134784,1
-3.381628595100433,17.506262958336507,65.43586617274369,43.92469647062882,0.027852240821074403,0
-4.528562214698987,2.8921338281698183,138.11260957698605,10.169922822085352,0.631375326048251,0
4.546156168956706,48.45513150704057,84.6240414144596,75.0900506179469,0.4263983568016225,0
-0.2846602838551,44.18929424817129,32.11367519694872,91.54031772100734,0.548145202728022,0
2.6285603674705413,46.387614159760645,107.42587654363234,43.96807629816713,0.17464718589632955,0
8.613497108891396,49.745391132321764,121.05658906135562,26.612452573388655,0.2959320294366161,0
-1.260616562766876,8.694762460974365,54.34663478945373,44.005928581654366,0.6638244748527251,0
1.1557438455344462,19.812100945132936,130.0050959798254,72.6213339671501,0.9653027236303998,0
6.333267078145731,37.911923785204564,136.8600556672073,1.8963619964567269,0.0504167736022092,0
-1.568027517625663,34.80103090268961,48.76662823289325,59.35594495898502,0.8903843208552661,0
-3.845301352568105,7.694795316992753,147.69300618013108,61.71587680385053,0.5768812013112085,0
-0.6537282062934793,40.79165624953089,29.699613926826178,64.13113644269762,0.5639195667556237,0
-2.5816806911899337,11.222028591833034,38.2821935763486,24.960185918106845,0.5002785352077603,0
8.945464785138595,11.190880741131155,35.791477493323654,71.69121961443454,0.06939408590418339,0
7.1218056934662535,26.84872114467068,135.15855940110185,10.047757146845864,0.08987685173616067,0
4.501056347656352,29.646996742085157,101.60095732549466,20.72776331021328,0.6009120056590861,0
8.071908852815765,29.00431039189056,31.2945996511182,87.86953461879371,0.3409585714355583,0
7.055081153486716,4.574341869887744,71.64527857156887,74.13359192193008,0.9172680665776807,0
-2.2014491167094623,43.87304313151902,96.14172350977228,2.3608098471231798,0.40659053735947226,1
8.388384977349666,13.280002129435303,21.68497189851366,25.58924977661022,0.14328145870264108,0
3.09013362873476,6.475746064140209,133.53829157702742,22.22624181632329,0.714718833502036,0
7.111602327460938,44.43740399344886,122.50449496181493,27.809826475660284,0.29335342144100984,0
8.4413694988524,47.78257491148767,80.72894830072936,25.508417257708754,0.5254703073558932,0
-0.22994787542204165,43.106380863272534,145.39772613628386,7.190103278541728,0.69783278550517,1
-3.349221132084849,40.475803736243904,68.48653709851396,46.435111143085216,0.9002641112020704,0
-1.5809725618708748,32.76209903195109,147.7754446651097,73.54061400383034,0.7921911948016761,1
1.4066168293938448,27.542868530456964,103.50879983250779,61.066440747026206,0.6763610678727241,0
7.270221488837397,4.349337995570507,98.85397825555181,67.6142951912099,0.6796331823951436,0
7.910958748845152,20.422660653534937,33.233685341409895,9.033768675087677,0.9459246440320865,0
-4.895718042032139,18.6344258506157,133.46988616265014,95.19758030750194,0.29582409749653604,0
2.6612095386634858,12.98768918801631,69.84855630888612,84.01069155045946,0.0011120941961874076,0
1.2611650472316853,36.17100568442925,32.712676809547105,80.70394153107061,0.2719545593981987,0
-1.6683828429390464,24.79378675393854,11.765052796606266,82.47539669913498,0.217891379626744,0
-3.202019489994758,4.052310795382397,88.36579570937356,93.33834030514338,0.6618345851139982,0
0.06422757105441956,11.009160097490566,83.83594709717468,54.88114264525607,0.633711599765529,0
9.143645558687787,34.162938182979794,110.7095071316822,20.827919768894965,0.5934613827047238,0
-0.15195601968867134,3.8065429745150094,134.63612742249228,62.061577177401574,0.0162434432094537,0
2.7818593261504914,42.56034570243843,21.116921850024134,74.54526787312597,0.7287780544506475,0
5.545284383427667,24.757326350698715,112.40950864765072,74.05382194204851,0.3235304124854915,0
0.4544440356894093,24.0293288663324,36.23767217366151,52.62345339252113,0.6650559890066311,0
9.57673124081441,29.62038923297588,130.14478744200295,7.777413214024228,0.5565784285021533,0
9.436709424131669,41.234048296257455,124.66889194063185,37.74018090458266,0.3427309254279072,0
-1.2232655626195377,17.390460395109653,85.71112569797621,92.15589423787237,0.13457626710410775,0
2.4587275883857815,33.90080762795318,109.43399180726361,58.860442065985175,0.09441889766048095,0
-0.48682535274845495,28.28659819978955,54.009015845724775,54.29486238231563,0.8315183331122236,0
-0.727392584337986,13.351413508471065,75.96350585059405,27.61649792383716,0.918397542081558,0
-4.446695789682008,43.9314993177579,125.02916567946603,37.476443071741315,0.6497880467642996,1
4.143465009698453,39.871301080346406,74.29712760424995,89.63926282616376,0.10343411486048337,0
2.5401853484329227,32.922591732921276,60.09175714556185,66.97984170515673,0.4020272168882407,0
-4.22781873125016,42.52908645471209,79.18974261504198,78.95131564848096,0.7289392001051572,0
-0.8203030364508281,43.364710047990116,125.95489534121057,45.98019688369786,0.7798208840100681,1
8.623988289499806,35.41814883575174,56.92912663192218,63.394474726159636,0.1182186222910886,0
-1.4065716399954136,41.8506664181836,34.32662303900413,25.589977265577545,3.071884538241587e-05,0
-2.8265769186316536,34.87357308346418,109.6819628463093,70.84062219806515,0.712137045880605,1
2.3417914041634456,34.00703858801502,125.63694977913146,43.33253203663039,0.35659617598620563,0
9.78475681165901,30.930568910759217,24.089246993294665,44.81200596665981,0.25448133161826025,0
-1.369170927327494,37.63583197788206,43.58237578583226,65.28291013311129,0.01289746978952544,0
5.082033211088179,7.930255264653685,29.876078566539146,93.69178152542374,0.5402994067614997,0
6.424294229930764,44.04353795994642,58.71179762150333,7.336628314253471,0.8511507354259817,0
-1.4354368401140052,43.5921763872616,73.04913704675778,82.64958049735375,0.9576316462725879,0
5.923245229177894,1.4623641517279573,114.83568717486291,29.94592793080712,0.5657449506132892,0
0.516746990788798,41.290837528238136,101.16066188343437,44.948025996131406,0.5144613277398942,1
4.484587458903691,6.4434933736722595,96.92999944698036,3.1694195487258865,0.0850563854892411,0
4.5029456614134205,16.755942712957093,59.33249252535162,30.80356170559699,0.5488728015425998,0
3.036620261121378,37.17541281458039,127.8026574318664,50.76049302038292,0.3799790789653946,0
-3.6456534491838752,8.03799480241541,75.98020343574304,6.561431657396462,0.6071352808835769,0
7.52953743383857,40.89835120595311,147.07469132212162,49.61847720893335,0.3887263478765467,0
-0.18829902542396226,41.606708897887096,98.77989936140315,92.7839522569843,0.24029912345036675,1
-2.2022223440021866,25.373386688041812,27.677063819030383,11.433928592672716,0.0949652752283765,0
-4.388372876678542,0.319293585841679,104.66485869056076,76.67963207947493,0.31491844458889573,0
3.8633941478236267,14.351906658745639,55.514562160437855,41.55743428422327,0.09664483428775228,0
5.163465427634236,30.84634591878711,106.08580753605364,65.86219773790947,0.17689695082398393,0
-4.751182566082158,49.059308901371175,19.749760742736804,26.763423200537705,0.9873361585795459,0
2.6813958744892146,31.59067635083342,34.48340120463432,16.78973399159447,0.4441035569066186,0
-1.6025633720309305,12.99017905320799,129.80321624681008,16.88579881285142,0.5318717665050166,0
4.677591856141747,31.700285154980566,41.805137983292084,7.978702618671321,0.8736185287372153,0
-2.3845035649251285,26.999268985792774,127.18575753401161,19.37902378522306,0.9955689004906878,1
5.364066071536989,38.99226975755718,49.09865238361746,66.75771911390785,0.5827144493446815,0
0.8010301945080611,5.349031941347921,100.00346740821907,88.2873705725073,0.8124738210441717,0
9.050949831051017,38.0513951251014,107.18108029137635,81.59844287352502,0.32694102433667527,0
-2.9371858378101012,27.063328933805515,81.77166544030742,68.82829667757393,0.3057439574472911,1
0.11599526575387742,48.149600192949734,52.74349473754238,11.932754477699165,0.4027037209945602,0
-3.297897181391164,17.093608301934303,39.77021269195346,29.629557183299035,0.6725072626736491,0
8.870404274178442,31.631094656697407,14.646509638739671,31.670880656924428,0.6821916892550988,0
8.160090300714716,46.60140527550087,52.552496173701336,25.7457376933645,0.3152394346494508,0
-1.1308755842726659,5.125486399533963,101.44279067437962,51.98556031126259,0.1332099241366287,0
4.899760690512686,46.86142436182256,141.36267458278758,54.01982767308758,0.6323962564655086,0
7.258333003018237,34.394286115040664,131.96862751682727,36.33171154193991,0.12832586218876452,0
3.328012173991935,3.391852955258595,117.24906871494237,36.02512671490717,0.5784925082293301,0
2.944758675340097,15.048178347340812,120.38262805546182,83.02700419270205,0.693422128056309,0
-1.372215636493225,35.40860443226408,103.09788648663934,79.13999198364887,0.7006114963944516,1
-3.603458482911512,3.367530073438585,46.44016005924042,31.47178733639382,0.7534721106595967,0
8.458236369299902,29.108523008813663,137.00730429881617,91.46505594345267,0.8728594215656645,0
8.506270857449957,17.294152847647837,103.90252366681676,95.3286866832481,0.49995899196478844,0
4.496521859099019,31.045775888373857,88.46168833726159,33.34751166097404,0.7302491895295712,0
0.08544686573051052,2.2871016906256427,25.53852568988735,36.08806993051243,0.6191727353658367,0
0.23814361918991356,43.576840307618816,72.58777613289956,51.05778118877392,0.18663993979768256,0
5.889335183053591,48.67444845886985,74.45015796826968,94.17096044083368,0.025689644869408168,0
8.456653899288657,48.44389276428458,131.0389053331738,87.75562388108884,0.28454138567693377,0
8.30629636397676,37.48259158714624,86.53075082629039,11.15422829577539,0.4430337063376194,0
6.698133187864357,6.504312006531599,63.25607685585735,39.88034358387021,0.6171059444286563,0
4.630474692314316,37.913159796451126,146.7520459914923,55.78374778522741,0.8499593305032054,0
-3.7379005250742674,1.2293458229400755,25.500883065684192,50.81011478260246,0.19624571670616564,0
-2.5755692885807937,1.1061775764498627,69.15677996367225,20.192443725752376,0.1255497898984771,0
8.478312827906189,16.18051095747706,15.88345452399674,86.02286034564732,0.9634799474743275,0
4.096435894893849,24.432159520233288,113.58657690737024,68.0171375166869,0.10804455937640711,0
-4.862044225750555,38.52037089038966,138.53071730788108,83.95292911032855,0.47849107010718916,1
-3.4779268570095185,34.16476883032526,49.20522613706852,86.01766365559774,0.5855637287933019,0
4.952526536620837,22.295135318837417,130.1678347518769,75.08722951290824,0.5413744209074383,0
-4.92407624230672,13.681333314083293,50.91055226466569,44.48184952372202,0.0860321570329432,0
-2.58787922873752,49.856225007885556,137.50782263014813,61.44412874652703,0.05702691400361937,1
3.2310068404987913,21.30906511179865,115.55466650354975,16.876175205854572,0.10548342746103567,0
5.378427965390399,22.569351216483774,122.6869487578014,67.69089633001586,0.5855876838726125,0
4.779418892539008,8.181191059583458,12.52091778406363,18.746072318188794,0.5443448876343211,0
-1.6359603580916033,39.740477437496466,144.79344999036363,69.70100946050552,0.23374079203674425,1
5.682688320213037,34.68411128907443,111.73393888984526,23.730217914642896,0.6377741418455916,0
-1.4412636875479992,11.03848063943802,52.66515335405867,12.637578714871777,0.8200675020556494,0
-0.11900452761098457,4.119052280792134,126.11525308023857,17.363164524152786,0.041578959846593766,0
6.197371076770363,34.02496510373565,49.41296777809019,1.1972213866879566,0.4981299435480424,0
4.744493485708221,32.72556071405676,132.1855375392579,72.15522216749949,0.6893104121026903,0
7.738351157412669,13.662976349910466,25.76125465767118,73.50770385677953,0.2523119270696871,0
4.86419338450515,47.543178112520515,108.5160368445114,51.97840164141269,0.3077709052931491,0
3.5246290500320736,7.552894589045012,85.69778673028745,16.974917304482986,0.6136379029893838,0
-3.594878482578613,21.616740052130094,23.51482582736171,9.271879413558285,0.8979352934437369,0
0.5157370458915027,47.18079600837994,43.86513595623746,2.893767677291414,0.8099244203028994,0
-1.0219644847741183,20.986365846306114,11.736565078824071,17.40906951955685,0.5831302190995835,0
-1.3401553493137461,31.92629738320428,75.62751516503081,89.19469796333152,0.7302217177572492,0
9.595158321286684,19.879719898139715,52.17713650640005,24.912147328466496,0.3648224702077987,0
0.8964658700014061,13.710760117433502,93.77004780168623,36.07286139450435,0.6409655280987577,0
8.380698327656699,49.19888239799141,51.61329307920641,11.429202963651985,0.46618159112755697,0
4.467079389958943,20.46670031575215,51.98867561097786,23.01376917006886,0.1899361364575609,0
6.922169553124727,44.70496018395672,114.04704782242447,52.403232507240304,0.7017382738772572,0
2.539556396577882,11.497730294554309,16.739997036969484,61.1675156264696,0.556464637348822,0
3.6535582693953863,10.655235201254165,136.4052993268782,25.289879102454893,0.3586215819535914,0
2.3877654072829584,1.556704144225568,129.3169424147654,6.715483763286604,0.9113391900786307,0
-2.0713551830293326,32.58334126879425,103.49265565169691,39.71225404361247,0.020934117826733267,1
5.836781728922579,18.426317186188058,93.0510198150338,24.18613372170708,0.315773151249496,0
-0.7884145633871631,43.21791249198185,134.9223497395513,22.735838399750392,0.05688139777764656,1
-4.635260503528192,23.66049533457786,35.946225134020025,96.02641746863208,0.7665273162216272,0
4.682084438607518,48.40967139573608,21.055682706716006,62.01374810664668,0.7021074541137926,0
-2.3433398088942656,9.276275785156058,43.531423787335335,56.13096587403749,0.33135221873631704,0
9.106878765293715,43.43115839778054,121.24095901802664,42.16173524880887,0.675662902207073,0
9.30892865503881,38.829842639587085,14.853837341707665,43.46548900958428,0.39593722619594984,0
8.722965853306729,38.5460922322026,91.59295691168855,54.54959537997,0.7562537914224343,0
0.5523805038316656,42.239161405844385,149.3612522667834,69.94655089657462,0.4541836627367061,1
-4.768150752066989,38.05119954714994,129.7974531372555,70.51246352200111,0.41227972783166555,1
8.924778438815881,31.31101608157077,83.00239646610252,17.997696862839508,0.934729915488301,0
1.4227622247597154,6.562243884119379,18.90972730012993,50.51116245558607,0.25087909989070023,0
9.499822285655043,1.6263089745625958,126.39229201399938,41.783851408376094,0.12044733999656543,0
9.454299656338792,46.04239239078434,93.85699114480947,87.18216966066903,0.5845431132594582,0
7.795141832010401,30.832515726036902,26.090619588339358,63.510473200619266,0.9693218122841789,0
-0.5832666189562143,39.826864548808814,23.140019875269868,53.7179025751822,0.37783921372718665,0
0.7764659290288787,24.076117575627503,137.34775472112295,12.42406957571282,0.06203676362878152,1
7.767050072752854,5.865409448119724,103.68803681133099,60.958151043017736,0.33930526730956745,0
-0.24616992265583537,6.259289610127522,126.10015190434578,12.60318666234311,0.5059316543195584,0
-2.4576087997086127,34.27826436144857,133.05704603951745,34.38345098100945,0.1619230066322137,1
3.352018936875252,21.515294744973133,90.04812928676512,15.141354516618854,0.658102218056492,0
9.042321612411715,10.026236335016836,82.44248924570577,69.51529105541252,0.9977493890102006,0
5.440446950124596,24.579727337071844,70.25983744493863,21.41895926977911,0.4517394759814438,0
3.550917551340474,3.2104468537567046,54.3725222907567,39.794077945614575,0.35472855673021264,0
-3.542352593438472,29.09857009571994,70.84343452021965,89.67180298425909,0.40070416683446664,0
4.225108400487546,13.449670221754884,118.3431518022219,21.22732195649806,0.11514617839520114,0
9.850807751563949,39.87795503185941,94.26928034211842,51.27270133191913,0.8832736014262238,0
-2.8987397714521395,15.518097946178688,134.95326059367846,42.50789445543618,0.414825655521352,0
2.774944785456051,22.76100745409006,72.07320201308627,2.7942800635272436,0.3872744114248413,0
8.160596078919331,0.5810269954050318,94.99254102062557,79.48305324370847,0.6596902729304743,0
6.111529266313067,3.622344389727944,98.38305743287842,7.835544725145373,0.4420334209311235,0
5.45523611492902,19.62467782033424,92.83760272288558,47.95124707671841,0.648233468807846,0
5.537261259806639,23.996941735856176,108.36872823197228,56.507151198956045,0.061446290130787506,0
0.3923672682963275,30.001027405965186,43.24068557247288,63.21421920484412,0.8137233437222274,0
-0.5961223360325993,14.583128935465162,81.73092885641069,69.17453130147969,0.9405039528794026,0
7.140417332177705,34.74909430632713,24.591472393168672,26.073965968748794,0.648765386159386,0
7.151700920187711,43.00611985946023,63.831585870273756,1.987898889186488,0.9545659288588108,0
8.006084778701556,38.99254944466749,78.27338960697702,72.62092257313628,0.1514323143699633,0
8.698608288347069,1.9809412674178573,101.31139633636614,54.03000333541028,0.4774161894803537,0
2.6701359829140667,24.02534736289145,143.0743473620685,83.77565261751762,0.6018067339454473,0
2.522744420307994,5.246508920908743,94.09114931676982,82.31744792716873,0.5817366474211867,0
6.974427684501627,12.102250793126373,114.10314826471837,84.48929061100043,0.40146177908904324,0
4.749458961666477,49.333129663357326,80.87724832932838,49.02437133797447,0.3380844093662614,0
5.52950315886555,7.124777145075662,98.77456439268639,34.0292111878497,0.1268240225504188,0
6.936890041541515,24.944407672567802,19.93051025872828,79.36426205654563,0.3917424505622782,0
8.350080127263494,30.907786715905956,45.61482131785858,45.67811718989624,0.16266081510548513,0
0.0699273527730373,35.1232485272052,60.65943304871942,19.160777443940017,0.7343656764922184,0
0.6337442895991598,27.982434174345705,76.1490697009119,85.64242793658596,0.20883093549458998,0
-3.590270902386965,0.48854237095918296,16.390824370333725,88.37342780046238,0.05856530528453385,0
3.6742021149426094,16.323065412199593,29.603373657464477,47.16466585787684,0.5523661378172343,0
-4.460865893048869,25.885582169235573,48.75400309078281,8.494273003668958,0.5952297327194016,0
1.9839702719869026,4.393324957241668,146.01457672614708,39.394782901776196,0.8719130612805055,0
3.1396695206136496,17.53134656045904,56.38858099442711,80.55022828679773,0.5769816124176819,0
-0.7018812180757337,1.6601554395683282,77.48574813569155,90.27562882607664,0.3454808537234457,0
3.862498908535162,3.928924857751037,37.45367978337501,21.143801507261987,0.8030118815263205,0
-4.542496250914258,19.846163810079805,95.50920995060756,7.630387590501881,0.5402788931874211,0
-4.4397771687617835,6.635787702153017,49.2956501722364,87.85769486015103,0.07928028463119174,0
7.339008409894873,28.37704241307791,38.97896098137975,39.55108895890866,0.5658505603132467,0
0.40285962116894325,34.47324845686329,82.32016798243707,54.634335462488764,0.9080185454216624,1
-3.094092310221728,40.029334955454146,10.770811882458915,96.83851539302513,0.39631262549822055,0
2.833648900822066,10.007512212240504,11.072964570891546,7.589908063508062,0.29632580189980007,0
6.549903296479162,8.374129112953488,40.66963327426009,65.18348273775746,0.14346945701802005,0
-1.7626845875473522,5.228392016720012,15.140990750114959,8.33643683491184,0.15144552193535732,0
4.343357137285004,31.821512477181834,25.123605578296793,38.171423918183535,0.4327714843418189,0
-3.71978802509348,35.32378632434506,57.44049090742522,80.57763997415123,0.5956798241615295,0
-4.224774182470885,1.5793072412821019,122.36199514117381,43.9137510428078,0.08061540516960175,0
2.9703194735222196,46.81061231218449,90.08681007170212,99.72105303639209,0.9395685890251657,0
3.1095268241515974,2.5985641825736208,81.7734816338983,56.34686920971362,0.7551336174451959,0
4.561448522473098,27.06481676505352,51.08843524913703,32.795053110959394,0.5866239182836627,0
5.8913700058399225,35.453025972545824,140.4455207205943,22.79102126457056,0.8284386709389908,0
9.63778119193802,43.54845618730428,65.58210577320683,35.70153289433002,0.08018675681211329,0
2.7445052245179298,35.70434660662139,22.192987351408007,37.88079410219553,0.4768388777331244,0
-0.1556529058813103,40.08640415348959,96.38931225649218,7.802654094672136,0.6300931268616634,1
6.927792921530555,16.972509627140305,25.937375086724195,37.58784574325054,0.8286529061182892,0
-0.9375162310688872,40.74125568732561,58.33123999223689,46.95961345418327,0.7834695600492677,0
1.5845713105845416,4.005742319233757,81.03767142049324,72.55103747164166,0.27706924971339963,0
-3.8231542798660105,44.74083280302638,132.3911534559246,66.01621898743919,0.9408801695592043,1
-4.6197388487681375,27.37961880768681,79.09652124761661,71.16779986768627,0.12434584143087035,0
9.439726220168875,40.864888498124685,108.316227244433,1.8280045058088528,0.8751336186211521,0
7.5397018076830875,22.615914225915006,148.99435745986986,22.549072558473068,0.9709402496046186,0
5.4396130914054694,32.178884759826246,28.408476785717426,66.5067445515858,0.17715352322262556,0
1.1342941662140484,26.320133046805662,48.46241357273273,48.914947449794965,0.7220660642037853,0
-2.4005851989373133,36.579476087766594,65.24065058367049,1.5260340911662487,0.040285518777998464,0
-2.6534443599337094,4.081499101529479,69.05594499543639,80.64496960075041,0.40542282513915495,0
-1.24635652753107,3.01760419952819,67.54295053717641,77.50814775574341,0.516283299197674,0
3.238399970591807,12.355161700507322,137.06554035791768,55.2934971363627,0.5806452259096341,0
5.718938840500934,7.977234005659417,109.9645702253599,7.57986925185094,0.9359372482485595,0
4.902960650765969,43.589178329610085,95.10672997269853,76.88498990372588,0.6722506872941947,0
-0.8009915458108576,10.960699367902215,53.312180500789495,58.78764518540503,0.481277951219237,0
9.322979209947912,48.79326279095657,125.33065379098126,78.41403773863796,0.8096750362658893,0
6.068453750436527,16.844789588555344,143.70847160789845,75.4229522471882,0.9505328209544089,0
3.3153107876710095,9.105895784434964,124.96775955703171,80.49720512382588,0.022066148682290843,0
4.175811193515283,39.484925357123956,10.219114726806207,52.28279857405786,0.9825212722560387,0
1.2940009364168485,32.935388775043805,99.09619182567698,14.892127301157984,0.08613213906368034,0
-1.2840351574826379,24.90978582265695,17.158953401894102,67.44458986458918,0.8143867792687614,0
0.3395901797689236,27.76817754688156,46.06501084672106,62.42690472014509,0.2803347525514125,0
6.367691656965537,35.96008891361319,18.333458048688037,74.48306553270963,0.13217965775387175,0
-4.7840976705536615,11.422737066564936,94.53136341291429,17.818219599022797,0.4398556397138349,0
-3.2589103923962566,49.816695802837096,106.12258788896494,20.302544790128632,0.6439565794476135,1
-4.309960369673709,48.73965810733915,26.028269329226717,89.15054220471352,0.380951845023475,0
-4.389067965215448,32.516284317346845,63.73744362629713,75.24780204675501,0.05456540828269896,0
7.831908760165108,9.977122546457256,73.87311125377587,90.91462038133197,0.5994611396587166,0
5.554867890700356,34.01141212156457,61.66742304652832,76.11281679522816,0.9024032761106747,0
2.1126074363098777,3.609920448958792,26.943500067927026,60.11837529303988,0.3832153659472517,0
-3.532487590234978,1.5326251102903032,68.65269062624657,65.7591409657595,0.21633277763082703,0
2.374238126752485,12.884144425560685,115.16492669317854,89.02366447006098,0.4425773459328154,0
2.1020765617084853,23.131147836965816,19.941073034655766,58.301868696682114,0.04836271104878087,0
-2.4019719513497724,43.413625270419026,21.225201971466483,63.606741108510356,0.8204875844802748,0
1.5077747385695952,36.3584534883154,59.66798085703779,16.491194884356457,0.8263408109501867,0
0.9775710159606019,37.13532605999905,141.8415996266495,47.91820079149417,0.5880004634296284,1
4.237751470783246,21.27466672240377,103.60017054120797,71.92331408385179,0.3531028889383895,0
4.526404763014657,17.296749627348145,105.01379393415907,27.823327133320177,0.7997833644457834,0
-4.320439853419332,18.551938149230136,60.668798717301094,21.023163871928958,0.5546870247883672,0
0.6191892193970681,49.38247818680289,93.11251076919538,32.06885401421714,0.8259323085500162,1
4.387898735713545,2.005459570624124,11.418365763884072,24.908562171290512,0.6314587925830206,0
2.5470438787013157,43.35157480612243,99.05344649733591,22.27635106660319,0.7844054732127973,0
7.847347617824834,28.93377042861967,137.86017266067313,43.06023344394061,0.59856299321776,0
4.880404474284175,21.930770959479524,95.76028556827468,90.87601287446988,0.4141410682156662,0
-2.5559835937785547,36.262883020756824,132.3178030852883,51.19890502713311,0.9579458599261376,1
-3.9414687889935522,24.333447071235142,111.35622776525314,19.60411770071698,0.5411138248788447,1
4.636289173094735,43.67116190408303,26.878178296516634,8.620195268706533,0.6050895185405384,0
-4.602330341875673,45.035093200562926,136.34346302001785,69.9194583686546,0.22048763941474925,1
3.7866337191019497,21.08604634367277,19.302138209808483,38.8970776792024,0.6256507894272765,0
9.103453621374364,13.841389861752578,84.75544615668693,82.36126371195057,0.5716076494829438,0
3.632112668138184,29.61751642966811,29.899197331084075,66.29156609543625,0.18483839794702495,0
0.8225488930978289,45.61816728083455,11.638925502326568,79.82790360359549,0.059587097353143714,0
4.649323276635297,10.533109450283328,69.08479641786946,27.922657902426426,0.6043593197147711,0
1.8737933573727492,31.148329178174137,51.30569907158188,69.54353332364475,0.7636922693503205,0
3.1842518397390247,31.578011004626028,78.04006913166442,27.142136484678158,0.5234013709220082,0
9.121972131647878,36.65565112076405,90.80798414283711,93.96777946557887,0.2267726253196457,0
0.7915395670116139,6.57838425636299,16.12347012325263,64.00105387180406,0.6665219766930349,0
9.417858457358713,35.79124823410443,27.22046131732439,33.12666821735887,0.08010572660960225,0
8.580259629340956,45.45162603328205,88.20993550305955,27.681674366934992,0.4418337048019546,0
-2.0631329781605534,8.984155443512098,58.043429444172155,19.901731922092708,0.1633667583984202,0
-3.959580486872518,11.877166246193882,112.08428825692272,69.76945493047906,0.18445905105988336,0
-3.4883299793386002,48.56975470208198,101.32083080287155,22.6528456867948,0.20229394915820365,1
-4.726672615226754,9.048847635474488,128.38461081858696,59.935023326821415,0.3867070570439779,0
-3.583355588661074,42.71925466847895,106.94899573369155,27.198867665610376,0.051150205620397626,1
5.245101601245352,24.613892822401738,70.19035083462074,66.53492553459299,0.3977934409290982,0
-3.932170273096565,12.361553720158852,104.21532713522053,81.67903312551339,0.5117074471147008,0
-0.21536554559358034,43.53749506362557,48.55336439575859,78.02449907132066,0.4832942849663252,0
7.673129664541818,22.265262750133274,52.883889828949776,76.3242817621474,0.38278410040304056,0
-4.650920963962612,25.74086769648451,120.45792238891107,19.584518163532955,0.8391466080707525,1
7.217027238834037,17.961668469988286,72.4987322962215,9.750109751467352,0.1453266924205041,0
-0.7721783783990013,29.64754257174637,121.77324767256935,70.19593402025117,0.505696743781374,1
-3.227527585675156,8.176193629251138,125.13913231355897,37.46637416564078,0.062041416956554296,0
5.451057480462259,19.554076832588034,130.05872727257974,43.80227641393138,0.07115567887790974,0
4.43414270169826,48.470616116764376,138.32893301776903,4.083760186545716,0.5738658496770963,0
8.162080202905795,12.906671635056377,70.33793087186147,26.69806847822987,0.566018424887821,0
6.026065657058286,32.83683322706461,54.641354564959435,4.333963983571938,0.878033512844457,0
7.052213955772729,16.259503211234744,91.50782452317594,88.03939148752352,0.5578736756600732,0
-0.7694814114304025,38.67365628433003,61.96413928126786,25.096271638634516,0.9597910204048502,0
-2.3384068433041576,6.543683035917491,94.15038335203262,56.1763797877278,0.04869484839992977,0
6.259221274612875,48.491052253927236,108.78202077013545,4.85895274545191,0.09800768478074107,0
7.10252108900896,22.68947706918196,106.37670258889916,67.01789173926015,0.04406586157038139,0
9.8575771300101,11.802523167323198,62.43740418281699,32.97970722965529,0.18527685033354002,0
1.1892651536713972,3.6748373665006326,33.360428237825396,89.89399950880892,0.5412701109416781,0
0.5802712868917475,8.487895254377037,70.27410738470905,88.92370070446955,0.645572181427428,0
6.646194411129953,25.988697427800883,29.963180171467222,33.20377121781303,0.0455851579486688,0
0.1120531037952679,16.850158821564314,134.61358492573316,90.19512867335632,0.9459708898455993,0
8.96135988405347,41.44416829413047,58.42284450330004,99.6196096763791,0.842165376650381,0
7.876191277645177,21.544376183090296,31.624364611265328,82.71615074827086,0.2966124821570931,0
1.4349104106252755,12.435713629381496,13.562686386805122,84.64226342776767,0.07718753022646796,0
6.263066016872461,30.8572493302015,100.41513408010779,25.6518648747999,0.16988707321905727,0
6.318143111270235,35.33886084427229,99.16632444366405,58.093537486917874,0.12694441375497267,0
-3.453141967461011,8.352095395047494,57.684583321380835,7.6583354827694174,0.12328377929894685,0
8.5382936001935,8.380960814415882,20.03966443867114,10.396875745345302,0.5185616886657339,0
2.5787855867178573,1.8335713466771486,67.34804528533249,99.89036859129577,0.2458474424934003,0
7.396861991616124,36.82010075328203,53.5704493088751,33.337285693165185,0.35813971652914445,0
-0.19925598454082394,33.190226381090255,104.79688956290131,75.07020729283579,0.9895053333843224,1
8.432848427443007,23.731543787490693,94.80909492337665,80.85984024965482,0.6843142489253448,0
0.8380251810124468,42.20852244845986,61.0431219476556,85.9443038297157,0.9489806670470013,0
-4.837435227795525,40.28350764750266,40.50495759569861,99.76520144281349,0.1425565550331156,0
8.580729646288955,29.267718219837608,148.32503526178286,24.908152040429915,0.38213947483256927,0
-3.6306998482079966,43.41356402566293,73.56022696745609,4.994731859110271,0.5547318032823543,0
-0.21029543614377744,10.292060501838412,106.35839300923318,41.70796028146401,0.07675806188873802,0
9.250929505762073,5.595980969886394,29.677415460970508,13.877986313065747,0.004187443627957865,0
9.25910720406334,13.487480575849482,77.98255795231569,3.220163027043457,0.6704343337969175,0
3.6015683218492924,2.854342804465743,13.855140781725169,36.68225588700712,0.6418195168014353,0
4.477558182546989,26.5584764000516,80.76371650746299,78.59008685644841,0.41078880999961176,0
1.7266828296747967,46.830284614748074,144.96243699647832,57.051888431282016,0.48964407603203264,0
-0.6018384245290322,1.9671770334254823,63.78893981801203,31.96502093182505,0.4154430005920896,0
-0.0700318194512608,6.10549570050134,15.459441760487621,65.77985854377926,0.024005044844888856,0
5.087776841155577,22.609951414171764,14.333810728708094,23.96979985057226,0.3353716062174624,0
6.285617941565199,46.69375087639524,64.31814639256173,2.423763161136417,0.17708225539728983,0
6.873685655887728,15.807805248837525,32.40349110484716,76.67098525720631,0.09842418910136874,0
6.844272141918308,25.361740434419623,13.269293485946028,62.7505654015369,0.9567204338893498,0
-3.6319084542696443,2.078642952519605,115.86990595302476,76.46795982559503,0.5993597250421656,0
2.4163045705387223,7.417160048104443,74.19322124346469,4.854863652078896,0.7286562842366027,0
-4.136618599750336,49.33150614794234,50.494268076171636,83.87484315523457,0.3153637432661175,0
3.2429332348560322,48.25593482180228,136.0116456223073,62.33309380359403,0.3931471294940152,0
1.6229575206006555,0.24699904672048079,26.259454428073585,56.77613972055137,0.23692399389672347,0
8.315562741374496,47.590589271161946,143.8286360537447,62.83679076333863,0.09696567096542474,0
0.26372518828117997,31.95599689077502,53.955340432829395,86.57889143996805,0.1790316374415838,0
-3.243994753585912,43.39591472600111,134.37651412321537,59.1067141493318,0.7975140452964858,1
-2.855124769207462,22.736992781692955,94.41200270712461,58.514087608929756,0.6775458051837758,1
6.422659475762083,25.77980142896251,125.73903036380824,99.07723654951081,0.5469288759854769,0
4.273270949743916,24.44232901284601,147.761842849465,75.91628653978823,0.47508987286676807,0
-3.4831598581581464,33.34321287730522,50.3767612946244,44.78708673966239,0.9224342836561245,0
-3.7383979082750383,6.982562737815645,144.558967957063,71.03230300325984,0.0727349477786684,0
5.5145369718868,1.4986794936338976,64.52746528633885,39.53381669748706,0.28060081323791597,0
-3.9085549045370973,15.396497079559545,63.971666663169124,23.6586707858664,0.34993785357071405,0
7.327900889355343,35.23403813683233,57.6541945956308,60.088335811888186,0.7824258122127878,0
5.593633407347443,10.092672606147419,85.79706502866193,92.8900277132812,0.9925146201619713,0
-3.7797682903715035,33.67162166624587,31.580306044988195,92.98481248153081,0.24067051475715306,0
-3.7274342887221215,48.49560230536352,87.51960795012157,34.84862253244354,0.8743073341370806,1
9.799593677517631,4.69503578947092,85.83867373740055,53.2400691559478,0.8306227604317913,0
0.6140619363418045,33.630105911256315,116.6662537646818,21.951953958416258,0.22465739764176662,1
0.5596322060033634,22.187510965228558,126.71099467126197,99.56747984038947,0.3993325801992226,1
7.191993508862538,43.40711271887527,71.66178904373936,98.13067287892564,0.4096728692925191,0
9.208728660757881,8.857489472369295,52.326654909209125,65.30138404103728,0.9782206685265583,0
9.790015957343064,34.63129761130823,46.306885624393225,80.63699190806986,0.18089190137889832,0
6.300672778884124,41.90576448240551,37.24733713868207,71.7949159670863,0.799157971104782,0
0.6438937829637368,47.230710973701164,18.070661507863484,59.72266368490735,0.3341927141731099,0
-3.7474892495199685,34.16240141448229,57.94271703685987,6.281451701900872,0.7308703457761604,0
6.6572037389115515,24.858738200421364,47.83467689830965,46.02166991271345,0.42001100429566285,0
3.376063746037076,30.892362010060694,145.29843402129703,67.80384391457365,0.57835976311654,0
1.3633301387046446,43.44524922393591,88.07923567500615,68.07562977448478,0.8326117733261311,0
8.595315776421039,28.530487331941483,58.618785464271056,37.93913922381598,0.8041655649838841,0
-3.33203776540773,1.519352984841843,91.26546413911744,94.22750667914502,0.8664231835397002,0
2.3893765643628875,46.54743477534889,29.48753818839737,17.568346191441318,0.05961732534465902,0
-4.829695328488714,34.476337551578055,72.16612488830842,50.5355851753405,0.6920505530397448,0
2.029909629911894,33.82566928886233,97.67280499894893,69.39751367853145,0.13998737672176287,0
-4.1554508647724395,10.783757619885858,78.44569645094319,70.01644478328912,0.415818568018411,0
-3.2177312559789213,32.94427351163286,66.24903209160539,65.21525672011273,0.5485884150546885,0
-3.2371062983434267,19.693220282707923,149.13877444595775,28.253533131734155,0.40273948474683074,0
4.738154531740953,32.561648852074605,133.24406670084977,16.464450299975574,0.5196116758030075,0
6.19067318898135,5.3296515153995365,97.27683414232162,63.95809235584438,0.9965263087986191,0
3.750531476457395,32.8922652301518,89.71283056551958,60.330909497804335,0.13521731371285473,0
9.43258822711813,49.97068628853333,96.89246717544177,18.756245018634857,0.6754560453364256,0
0.6230586928555608,2.4106019430278014,38.183695095140656,70.80877541148577,0.3960009663856152,0
-0.7143187057720892,48.858709211065865,65.31928405700461,46.06202718163198,0.13300979890732878,0
8.028986922841904,20.345398036143532,15.524334604725905,67.10829856871214,0.15873676337430953,0
-1.6460624222082103,43.537672516862955,76.57644524815574,83.89934089724491,0.9492731062456169,0
9.44833809160917,39.11927420291367,86.02344175407285,17.803114429115393,0.879601496711762,0
-4.817682879652755,28.35081304933339,41.884963054449344,2.895341931686831,0.9070419604150218,0
9.548182400614586,36.92246046256633,144.96403860317193,78.13115605318289,0.9915327758273865,0
-4.352601320741359,43.9257780650674,137.32364553121388,61.360045090108976,0.20831539000851795,1
8.367146705471066,20.20701608255165,111.10005296382683,70.26431739259004,0.35543933736406175,0
2.915516636294498,16.351658078161936,84.67412802715076,83.9773425238756,0.6692190299248667,0
9.894471941789504,33.379669278179236,131.7956823506759,80.47828254762555,0.48380253986064725,0
-3.893051528969017,40.39229709706293,28.291328135284807,96.13109454595364,0.4183895333783335,0
3.307814266019811,38.11425673883079,120.6713711984839,54.0575728063597,0.35781124933559305,0
9.539538034286485,39.89068244293173,27.474913955358762,49.361067633330634,0.5937806319434522,0
2.8464676625522323,21.77916574064665,121.18949275691676,40.78683278918228,0.575593428640082,0
4.4409795720289384,40.89171080875108,48.607459555189976,16.21541324157625,0.16145783406424008,0
5.436230334769258,6.010452768530422,132.79268134254644,57.68811605532022,0.47173983751843906,0
1.8181159715165984,27.224454898042477,142.1658931355557,28.4242399082719,0.5534717762098499,0
4.413371201260951,0.2879330249060785,30.83143571671619,92.20944370908457,0.5702869387313905,0
3.764714678846504,16.229291495013516,74.77458470915509,58.73588962343266,0.2101071929123518,0
8.517370157364835,18.323076743569892,147.3382329427759,59.69117787030291,0.7422713922522868,0
-4.318304294878132,19.80863458046277,77.67704103624052,36.137541426823994,0.025199094821069634,0
-0.7855521561165455,34.773360334493105,130.89665315203632,6.1469458457930415,0.35483185554316266,1
9.25617226114838,19.427905063517287,92.42241309838478,4.142632771925873,0.7802126485356335,0
8.353956758363745,22.43468113112653,62.54618710874426,42.910179271166555,0.5638929210554023,0
1.8348512917856938,11.877206543716373,50.00969777362183,9.371972431626547,0.26116243251086024,0
4.301988967023052,18.662589581467003,38.45123275205222,61.07784859847377,0.6949531193430477,0
-0.8392822552830097,11.363481363157574,116.65174679287762,88.21632755832609,0.5673909441560734,0
-2.17818260414358,3.659796188422182,64.1156709552239,88.4085668353535,0.7962436094563872,0
1.9554760740997326,30.172429669068894,81.57856470810516,66.245495603091,0.7350251861898234,0
0.3002834203907927,33.410639927750815,78.92556720016547,21.91195131582017,0.6101079220362347,0
3.754841677763082,30.974517300480723,90.81906409263837,86.43668630452834,0.488177675310814,0
-3.8339804455252273,23.17470219002862,131.18080038743733,88.7232500960076,0.1331821256675234,1
9.615922114992497,18.989289008961492,147.3035081016801,20.46870491034291,0.26133301788538377,0
9.793161167194043,43.16668247859126,67.06178920033437,74.00518249129705,0.41909947291708527,0
5.472425710296177,25.954089256810903,125.85264909488242,29.365435343785173,0.5992992870063887,0
3.041445495161806,23.95909388148655,117.03389125166048,80.46139092294004,0.5137078552153048,0
-0.35708575570508394,1.2821032903217844,90.29405320378025,99.72655209045666,0.2881845259595295,0
7.206925295604231,17.06239138130782,143.84660010567063,3.9725745276098885,0.006464357789710551,0
5.270967588308189,19.009780939292853,38.066432173976395,89.83922071330225,0.49623922190081393,0
-2.5607459098266308,19.941139044845023,25.296989443346998,62.64042282626715,0.2856259885622431,0
8.663907767407636,29.008618461366613,129.5546753737591,97.3648792973173,0.7346083007105351,0
7.3380586438475355,26.680127336343922,71.48097432872476,47.03594223511633,0.02394626527048349,0
9.24699869937886,30.39525463967223,128.57563958898845,84.891405126566,0.5848278113057909,0
5.885792625825399,38.244163077106414,135.0326287273581,7.177012791229446,0.9414742375060654,0
4.201227939036848,40.649286935804675,18.74406310667,34.192625957751275,0.1744092671114995,0
1.2736455443592831,35.90615381132472,133.68506681804848,7.6346372373697875,0.47164949075059537,0
8.990927250310198,47.77618479774674,72.7646677517191,97.55897021442799,0.09142199181713817,0
7.990958342506126,0.9116291338180815,81.4605484605925,81.88041681991183,0.6256819122613526,0
-4.321719948407159,9.788899284177305,97.72295155304943,85.40219470335109,0.5505316805962256,0
-4.60449538254122,0.378143748907106,139.69356494221213,93.85855791195553,0.40736552421283234,0
0.6469505031707437,32.37373570773015,12.676253220166965,9.42524512585875,0.5213770214737412,0
7.158299961727494,44.90152744749935,76.7580855644944,39.174161658820005,0.8965746584690102,0
9.809141939724167,12.174114828814965,106.2810859402785,8.03245401535621,0.19629430231106704,0
-2.7437466334470773,46.35172723981533,111.17897407775199,21.868517053452834,0.022564511705347234,1
3.9119607302820274,3.0133695144780424,106.95454041519511,23.707211926729563,0.861664884699101,0
0.713362849465323,46.72180134027572,28.82091811713706,47.44161389371029,0.5771170823879065,0
9.548715967219048,17.58113436198172,51.915382372035374,27.587654577910616,0.8906584554618424,0
7.63178384703563,5.071041422460826,60.22017355838189,10.996832574958349,0.5969452234131726,0
7.5749305706670675,24.29358795931628,122.6212090751307,17.581617820316662,0.8101610899597025,0
2.0303973969245543,12.838828386025398,49.02638213803742,15.580280791657001,0.42967336335514794,0
1.2222925350649776,14.243645098096142,39.498694941408445,97.33460299331753,0.7498599312882688,0
-0.8988939210394067,15.364498246314328,144.04272266533346,76.16995818492889,0.913041466889856,0
-4.154367550236094,40.15129489163317,11.240859915885647,96.80838506168664,0.5721229637222063,0
7.970835643825799,26.958063833762726,149.69491979547695,44.53430816428295,0.18078515056237954,0
7.193515136951163,15.565384957800182,104.75498184003538,28.558479684603004,0.26879761503019817,0
9.995765099291958,30.51668916554592,125.98570192287639,80.03102652370949,0.19864457689740578,0
9.94955255610858,35.80753371115968,51.246715488467046,33.29913788607353,0.24685702759573291,0
3.3314755840394117,13.631200036676688,12.004138873388397,30.638953996829482,0.3064154493510364,0
6.534811227707657,20.677455076267577,113.30173259861421,24.01809322857529,0.5551337867531885,0
9.17148594823642,6.0943046668473775,126.7802435800946,13.8382188441993,0.5879916294638328,0
7.744710860161172,9.057467476734015,113.66665847349267,26.38984304065983,0.4264997472418611,0
-1.289778473852035,34.05589269824914,29.999040222117404,36.176655098914885,0.6154207798208354,0
1.7581620296514027,9.071917384781347,115.47990911597567,67.7254266064273,0.08157492561136592,0
-3.0626087727275753,26.258169183353008,117.64918949506973,7.193919379725706,0.08778823705815997,1
9.310765408880835,35.452313086121634,102.19567219380768,21.840187026868954,0.17182946035765845,0
4.0926195167632,5.343846154737192,117.25623059138206,81.09334038887596,0.5180774980403448,0
-1.5703579174480593,28.365610981445176,128.42900155488252,15.545270434793306,0.21399467869831357,1
5.075510266087852,12.828139185068189,95.90457599324418,34.92186950572963,0.28328440349257733,0
4.271923606868437,48.14634376187899,22.40465995575507,86.60123326395586,0.40031283617299407,0
0.3724407704926076,24.177282335996235,78.26789335340952,16.337605803200823,0.8118661240103798,0
-3.2966361170055647,40.299627488757906,20.87090685402471,9.1909467262008,0.013862135912860118,0
5.073597933891994,27.511327107813088,67.05602434454032,48.96926151292107,0.6493788202366224,0
2.8046155135568993,2.170626642740958,66.99490847758787,30.939531616575103,0.6688765310406853,0
6.584775876034589,31.657568779701116,19.24137817963382,56.777428083901555,0.7986557803566365,0
2.8024525166799013,47.570167110332854,58.83487475572711,80.57668415786404,0.9327529390603132,0
7.782722504778102,30.08059100731656,25.539733830784076,14.577700327121573,0.020137848949289827,0
3.2786025816172835,40.95944297133951,123.1529294012911,58.489209370874214,0.15378370551321618,0
3.414069573030794,44.21032316742039,142.6763236350259,51.04536727859653,0.886171294055993,0
8.149804039875175,11.403988597446624,20.124306536111405,15.263799815306758,0.45851856218701537,0
1.0522429931859554,10.602241995411333,143.7161290208382,62.775850067369255,0.5645906389334635,0
-2.989771573240389,30.549049442549585,83.16072390714432,28.090401368216394,0.6630272037231474,1
-4.568259855299916,20.551423490335235,51.939194913542345,49.29559753585723,0.6790666044956374,0
6.327058835104285,41.99306514333602,20.760690538662892,9.144960103429126,0.9317404033165082,0
4.30464327030197,45.00115616990056,80.08739752985849,46.498821664148686,0.9969494174116696,0
5.561196521488354,17.671068965135905,121.23217622870482,31.33988333623921,0.7201574609309402,0
-1.805537577366339,11.843527948724104,108.99210681733774,82.41573990735009,0.2872212092051508,0
-2.9544278661984533,39.026275762193094,17.031641604956327,6.64089397273946,0.8797524022943436,0
-4.781830014981771,13.740301777406804,20.20625695150649,42.44212021691467,0.04922091454076161,0
0.2588133820989551,41.13071592568392,66.40225956856919,46.38471098901236,0.2310808528744962,0
3.848765302819496,21.18691268243814,51.34066916671206,72.77560155361276,0.8973857174637149,0
0.8836606764959845,33.37749496457352,42.5338052278467,57.854469933930886,0.25619151443935495,0
1.5621238303559357,4.776765691733409,49.3406298472199,67.05402138222392,0.22065105962174847,0
8.562380417406226,31.19296623382865,122.48758406156385,77.92787927952385,0.13812529314024724,0
0.22383200534950554,22.588383936861455,140.09192750845955,86.3580943921607,0.8591117576469165,1
2.709842337397162,29.330423158773705,66.7143772338593,32.07367417552458,0.5000582591910867,0
6.754795191117147,8.400710387243171,136.85554029854958,54.264247831026395,0.6748932030541548,0
0.9481417348190524,36.843687247209104,55.00939817470348,84.17069976548079,0.23906638407502967,0
4.3313005034181025,43.13985387716143,76.70117808813083,98.95566196554059,0.7580404210112165,0
7.935455631201178,10.836990004538782,41.64405969423996,89.06241179333256,0.7600055449620985,0
9.242809354864631,4.785727776008086,99.66664590461815,37.7752589998133,0.31259802490830013,0
-2.7938977860644307,1.1819293023168198,147.05735612447324,20.32148520464639,0.41068263301028285,0
8.898814377422417,32.0985750221633,94.48903344607301,49.44986120325228,0.20969027743020086,0
2.3817443961930724,30.35470180443904,60.09397177589684,74.42250373176819,0.9765610233229043,0
-1.1263341755156246,27.334870635703503,100.69444243867397,49.76433800457646,0.6456025770584116,1
1.8870363435739197,11.597354805798771,27.20889498515426,48.83490546805318,0.9345438807155155,0
9.700488629282155,19.545299795275735,134.4122712371558,83.98481168709826,0.30338554362913317,0
2.389271409893044,29.72381675930865,80.4317531091771,36.77897412765145,0.7818909129968897,0
-0.06872584568737672,24.83834294295847,72.9089638855499,86.11967280635292,0.765858643884742,0
4.5010128147508865,49.38927601074437,92.02107038349268,41.27367529422063,0.6916556518665415,0
-1.397815718327104,6.8219876278366565,97.46974079051634,33.4950774621556,0.9656389752668004,0
-3.862050078370041,34.75722770237969,20.048612871711825,45.9450012087702,0.39355533610631555,0
-3.0668041713402614,20.215938405214608,105.56641097127634,76.48224890881198,0.1307173235897573,1
-3.0793124156334133,21.409980746280738,43.87043524417414,13.474200758535433,0.6717088592440608,0
-2.721459597315585,35.87988828290881,109.95336855092258,20.44550237132972,0.7293098004772062,1
-2.917592410258848,34.62180756621848,125.15487121378754,95.1930377406461,0.5750605734588147,1
4.613121172048219,49.56279968510942,122.55419105735284,18.37367111075438,0.20681789313339627,0
-2.271798734012828,6.419714472706262,87.35013543710448,57.205004475174405,0.5044559416693554,0
0.18500924985794853,5.205482469208317,82.82378492350516,58.35213219953185,0.3121897365691294,0
8.451826148590177,36.216940856437056,30.00263458751764,49.47282174297423,0.42746652816668906,0
2.1094246039430855,28.919345850320454,118.54846105643898,64.82977960910503,0.6452185758446639,0
5.013366077815407,13.708033327990293,47.99731326254001,23.752845853964224,0.7452147426908345,0
-2.4152019319755524,3.9709684494493303,79.53735919451252,55.71356450989807,0.23222469090134312,0
-2.1156647178699384,4.282912479821527,49.79837300985234,37.84515226944282,0.40532536064695335,0
-4.3869707560028175,44.70954373320591,28.73597081995704,66.50505870328972,0.2691615709916292,0
-2.465974053917532,9.593366235937145,98.13807756484312,14.981130793941796,0.19863161386186912,0
-0.8211449145206204,16.16857810577604,17.606484875206537,57.51686426710815,0.7833872199958384,0
-2.3448427358487978,11.3328201113494,114.810332777668,19.341765182949047,0.9092526944369924,0
-3.6694619936441657,17.749815291596864,54.46215133655633,28.585663248388602,0.3702321856845767,0
-3.1904619334909876,3.4711921373046684,10.018857020627944,22.652270232034738,0.7512789243737669,0
1.9116815204908866,25.95298954541352,81.55807949321218,19.100940207012894,0.8969952893644111,0
-1.9049942239131124,3.380628179610745,16.559267193864436,82.74538420450604,0.8461242105302316,0
0.4640479157211317,40.01782539111808,48.663738094925925,29.285049198428144,0.1828133885392259,0
2.5512590628228535,11.68560409552165,108.97670824380026,92.78525440458048,0.9562918815133613,0
5.355922429440479,27.00059573022553,18.77654702706122,97.0227260091739,0.37667644042946247,0
-4.410317902383516,44.00395437807291,127.50738892984033,57.554786523772634,0.33924066117383633,1
6.99115598363564,32.54386845235971,10.534789172201634,15.157111143906913,0.062431327277780335,0
4.418505842363617,26.647889327566766,44.55534168826632,38.080276094578544,0.486173654104883,0
-3.7736145207669214,16.21668765576878,113.72656786129001,79.9754940714732,0.10901361564092871,0
8.103679361601658,16.650095652909897,54.27782096210295,37.37168214100998,0.248539820927426,0
8.813086007977198,33.474347759909506,24.264934329241896,9.614704611976086,0.3169426217672814,0
-4.083830602177044,49.706968061058376,60.432748632059905,56.12170618189061,0.808826323491684,0
-0.8468352777919446,33.09195949246893,47.85506009383357,84.66696429810744,0.8754886503958965,0
7.09301919689592,27.889170868501246,127.97966630247768,79.79671232720673,0.3024663174614697,0
6.223895355754875,36.532525511962305,53.868708461920036,18.33719087290497,0.8586981212445739,0
-2.23218470965434,23.26028061418591,120.45054604864102,67.60369682683421,0.8572309373697911,1
-1.8597601499493455,3.0071171300392607,134.86210027350285,22.829922080129062,0.7646509503848735,0
0.5570815418707298,28.11484079389549,70.73443874071413,22.60254592066505,0.14669511401518154,0
2.26784477786532,47.88126422526901,137.3920401396149,87.53310555721333,0.690322846900729,0
4.273821572954439,8.765147117882982,62.824527554846995,25.717226321282784,0.9450240645805688,0
0.5337045935465863,34.50024454103329,144.97097830861514,27.06148730528311,0.6825404787671571,1
1.9380207419972182,10.046684432952823,22.50053343358021,1.064685685368656,0.33161684910783396,0
6.212064072006347,26.791384223654063,106.18269731045399,87.19623437842625,0.5005793174308313,0
-4.449751956641031,4.8338224823359806,79.13396566397002,79.46688650770433,0.6457250433510536,0
-1.2134458348396886,22.518546812909257,64.2708327637906,63.10556457397712,0.5105704087285036,0
5.700243788268287,37.80816644476231,98.57966302480413,75.27631062994539,0.11995294173096982,0
8.42810256530799,17.378576211949103,108.53999282880636,16.052808175024687,0.31206404465202064,0
2.6751616317349916,33.2455862243609,10.610857751043273,46.37403586416997,0.8023960305536325,0
2.9817022789797347,39.77249803948646,33.37343242460782,35.77071934752931,0.8614180460955174,0
-3.392419829903359,46.358890973972635,109.82644708880461,10.283876099444633,0.13730003271557023,1
1.7111855023518192,11.732104092772676,103.29395790094891,49.12691803627748,0.9523867523987246,0
2.989258996825347,19.965795790465407,145.24665071801482,92.1532253839209,0.32882261784860933,0
-1.3629424454790549,7.620800666520871,116.54529063510962,4.965852786018754,0.66231373873072,0
-0.9613515357592854,49.62417510791876,143.10817908238732,29.854630435885593,0.7518251459566812,1
0.6592624465693397,46.35004839621477,108.35567021487297,21.54655268436464,0.8119462346378834,1
-4.6989320333341045,26.99785651402798,51.72730920952204,24.576518712903937,0.9457497022259301,0
-0.1688125162523253,42.10166471882106,24.751089115119907,90.93502063605816,0.3129195480288226,0
-1.8282798950518302,26.04789886360211,119.45534086829099,47.33883636919472,0.8585064545515545,1
-0.08753971733128019,31.179284400137984,100.18089100662823,47.16364188104206,0.13168690343620704,1
-3.2035680227112318,4.456221605800831,16.74604173506147,76.29698860307295,0.7050409063535927,0
8.357909211098423,37.763521024840394,60.407065226136964,16.294728196487654,0.7419777295139859,0
3.90388680331073,6.3856741817617415,143.95197416780007,49.23927005590503,0.6777232412013204,0
5.186534787167345,41.303381512626416,80.05616039942817,43.56853619798491,0.252314736135153,0
6.837568579110075,39.101404383519295,70.58207904275865,60.094158364118954,0.8730431470152034,0
2.4766329839358594,35.43723488714882,74.07794472230115,99.95621262179341,0.168858463370395,0
-3.6961956786886447,1.8080190262381057,39.24358136072292,77.17544051412266,0.05363479152083084,0
3.0565981272782174,15.15641779726643,61.61900392107133,40.38870459872529,0.7174649906119122,0
3.802616770313186,13.155628495542143,61.773855838204724,82.92775217513065,0.4754757152327337,0
6.18159211276495,18.006820373575955,17.329702826246134,17.90012796793554,0.8490980199586761,0
1.4748931934451912,4.382137338191927,117.45946799250856,4.015904944587053,0.38339714105825895,0
-3.0862954580665436,46.84789115155314,68.31062046654306,21.24038887396303,0.16827858850771282,0
-0.7433614130191328,27.690112035618814,125.10518415429927,34.70074405531171,0.8364421924698697,1
0.44623444597952666,15.276215532901178,129.04872015678535,51.54749498849643,0.5489096316400717,0
4.688758619974019,19.849075853714172,39.67916765781213,61.89778491357878,0.1891957923903549,0
3.561674570033679,22.360127025241784,102.029487503818,91.14996600422775,0.7203839985864458,0
0.3414508884676941,30.029716668030865,76.11945258281744,51.47554694549531,0.5111136384895005,0
9.797728731894695,25.783971384824888,133.2219433090079,50.626288817947206,0.6043129822403198,0
4.086622290353308,45.96959866072087,40.203695084703575,5.974057972475231,0.4608983382065819,0
-1.441598123960083,24.848174145291512,104.8938480434062,4.456243712966157,0.8287089838180064,1
-3.473262910693944,49.607900741165636,95.08529711538117,55.56483622972083,0.8295627156830498,1
-2.7071129122350195,42.571247887254785,51.34220686005659,44.379682711586106,0.7093888218243862,0
-1.3106340742323779,10.42552571786679,29.124126511164164,84.07885910304957,0.10540137739646227,0
-2.589779401106665,46.52976073219581,101.22956646681872,16.907278886472675,0.8388538619040689,1
-2.2014946392304138,5.818319894273804,113.40364413852629,3.4721945495879103,0.6710129805329098,0
-0.7235724695922938,40.87248542455958,54.187828126869,45.45483802508246,0.6970241660042995,0
-2.3993960705786774,19.031164673829004,100.27656456312393,24.510377118473492,0.36298284040387163,0
8.451481369396378,43.898716022253474,65.31832706561046,5.9118229605449075,0.8792795561570067,0
-3.796493815075367,43.40283450537252,109.84896365956648,72.73523039791526,0.7253716002348575,1
2.86767084355382,40.296270005881055,37.890138485167434,12.0477069957675,0.11259046652919447,0
1.155952404844923,39.50152181535307,134.6301003690644,61.223630500769396,0.40777803440616267,0
9.735679253629096,15.23395695490204,50.237343505181165,28.823925266522025,0.8863803619601417,0
-3.319416467479215,4.045964152562609,61.4900382858614,18.17610898514718,0.047196701697378995,0
0.9678339856861244,20.149008938258074,18.13287329124897,38.59540076901243,0.9614166196420495,0
9.542056499130533,8.676225749325434,25.611709724978695,80.34313184607241,0.6791625683195628,0
7.982606888409704,34.747554445123086,82.22066637972594,39.817264113552696,0.6313759776433766,0
7.256081064239199,17.304986326889278,47.46297474191601,75.32619527189452,0.2705592564879914,0
-1.1314575943259024,48.78051004299574,126.96723160390721,13.423143383115917,0.24879178873917707,1
-2.436686189149013,32.0486038672666,12.057074411693538,77.50437054684284,0.9420582194885955,0
5.029648298866466,41.124028181718046,63.073166814071065,24.456399165758217,0.29827245423412274,0
8.940639836913787,6.6262336370924215,57.22837654767297,68.06191985899841,0.7755052967189994,0
3.351443395208946,43.10072411363113,12.705868328464145,57.01237392925864,0.39312179820707915,0
3.5741903420484977,46.13785952566972,27.41157586007143,92.98532700395705,0.13925407078470398,0
-0.8003135950957372,24.353095940946794,67.90997448860894,39.34492927955609,0.01071529769535895,0
6.542393997879053,30.312646887548873,79.00104182264253,7.550353694609604,0.5442573370152508,0
-2.1943437716371497,38.24049004514977,66.60056461568168,2.8963930695740374,0.9757788185489327,0
-0.1448114539363452,8.741931363020628,84.33127497769314,82.85899753630255,0.3691361938092045,0
1.381546579246252,25.12830382317212,93.31843448679541,52.948828128481786,0.35719233399304484,0
2.6141556802668253,19.933151388615656,11.389334957896988,77.74916113165997,0.3440916178494421,0
-1.3638540137737962,7.318699608112455,74.97332232349055,24.208134401139954,0.5205438373048584,0
-3.277447628911947,18.376721114576572,144.88989372426235,35.16329080581014,0.44066488342429355,0
4.159300636624488,3.4086154692746784,82.66451921813682,3.980283348920575,0.8799146267270145,0
-0.6705417013961634,1.2905953474743492,104.85591744425345,96.1877401328371,0.5055207917234903,0
3.718573321339184,6.758314457741138,53.66094010836365,67.11892276338052,0.5077578381885688,0
-2.6845592708869654,48.15575557945869,118.35879294138675,93.38730368817131,0.1383715947205566,1
2.217101527822262,27.476476794750848,118.20900746265612,27.28414433547816,0.982739540910386,0
2.9888414882737884,48.291108057661,82.98144667157945,61.534897511340425,0.24997289086882968,0
-4.222646947663597,21.6248939165066,146.6419352590899,68.17149686097115,0.07336406745960267,1
0.0490641729088086,15.590806654262979,27.577030066771474,32.43742032550126,0.6631462489752088,0
-2.9837798459153864,25.307093142012206,12.37267308454134,84.96281426654738,0.5953663701568727,0
-4.049375442908484,21.975584431645505,117.82214964599343,94.76898482712454,0.4151456539927457,1
9.849403485849178,5.283234213087196,123.00177523108356,88.60065665190443,0.42219223388067806,0
-0.16469232537915524,32.04131573451031,26.829012076880673,74.16763061799789,0.7850639210464312,0
7.148116687819522,10.80190912547998,47.18159661420485,28.46900329277045,0.19571264009964906,0
-1.1803901785435422,30.97939774489148,12.457330871328047,28.87998816845754,0.8202533189448897,0
5.22254083335894,32.51005461990767,51.06320550927906,96.37267172415775,0.6487471138950182,0
6.403417898345298,7.601242656432405,118.23986234861401,2.018165097633511,0.4189697737795244,0
3.934581109117664,3.067481355533408,82.51447387976106,71.8889473509723,0.4580286165838686,0
2.0736428282523756,39.03807930342199,58.73338304356033,70.91837009297096,0.2566472071860958,0
1.1776137122090278,22.99002118846601,62.04350128688624,62.64626455402995,0.7521143326969748,0
0.23302399814492958,2.9081897752737893,10.189507600165541,99.02077576259971,0.5128747423052678,0
8.942937163717387,49.74331585848836,51.972073859133026,31.876064140608797,0.3208545427498436,0
7.459291116815937,2.889028049818332,100.50422382931026,34.65721451553157,0.5960501157609502,0
9.475403659997689,34.75176144292766,146.38722213429,8.815000891709,0.995734452051323,0
-3.135541647716829,49.18394626317068,128.58851577774593,44.83701551783001,0.43526227965655384,1
5.963012128054665,11.959005210796281,13.303295050374079,26.84380409724996,0.9206914007786196,0
9.075106852315567,7.112468434359808,135.7984846544775,34.99528351558678,0.3450168399245661,0
-2.281504007515098,6.069246971121444,119.64777786180763,83.62260723530714,0.054732706924985886,0
-4.002555989498338,15.163757378379778,119.25265729993725,93.61296683922208,0.20424210636842888,0
6.116809739350886,5.052290550532335,74.1194062605,19.38757412851338,0.4186951433276842,0
3.6170966976986776,34.6080670847066,65.7207410136304,37.87838422379312,0.219634928594569,0
7.627431651374081,3.1145899065031344,52.40820203664697,92.93442564942401,0.0002270382182555375,0
-2.9034143506056576,25.471106407489486,19.197280253611208,7.11903760823304,0.9150015377475272,0
6.929009677898353,49.83484269264884,41.95295088911787,10.143692283026473,0.843879411230929,0
-1.975590199283832,40.69851347530094,44.52450889692345,17.116307931416706,0.7422922314869471,0
-2.5451608570144324,30.760971911550545,77.77078975942823,59.9260705785606,0.16781459564602863,0
-2.5360130310351057,15.312681039330583,114.64221692353716,15.89675482959375,0.12036357620998606,0
7.218620803470731,31.194791814581922,76.33337597571253,96.83956176362261,0.06760474947238315,0
4.977958310443002,26.35207319558258,18.098222922602485,45.22473819859351,0.7240291887729212,0
2.84598137153679,21.304169194518575,144.09057213834853,50.650278074666474,0.9288079606878853,0
0.3824572618525375,6.535518837009974,141.98140467317572,25.41920296473524,0.430535820913037,0
8.158008112196624,44.330210762023334,119.92653604077718,47.62506499103861,0.11914067199604816,0
0.8866766113395306,22.489232441066125,148.78590621899087,66.52944963106414,0.5123928207321066,1
7.248991592073656,9.731125591038253,86.22752659203681,75.36653655845024,0.34883190745863013,0
1.5870236285532764,18.38796754386448,144.78756903544885,75.63294018828138,0.3748249243499977,0
0.6541664413736132,20.70648762644635,20.58470568634511,58.211220156714745,0.6213306241557073,0
1.9401967850440967,41.37689477834371,61.19530475659198,90.53161772439186,0.7187181132622024,0
-0.47933188753786915,36.6807190280701,41.553377520947215,81.92337688330483,0.11060359887316085,0
6.214140702643768,38.46524468206699,37.41663177879781,75.94776335516391,0.035590230806476386,0
2.540805851387187,0.5515632214323607,29.71241284497465,6.504946646365601,0.9943303026857149,0
-1.5168095727977402,20.807699908988077,97.13790981923952,1.680918259745282,0.23272834891555183,1
8.493618599118527,24.06720758176618,119.38505980462271,22.032280442351823,0.053830524908459076,0
0.758368320598171,0.9596138411528343,90.96177591885049,66.68883579743178,0.18987532909591998,0
3.1532929167098285,12.99066043725171,30.574779342349355,41.708551399372034,0.03895784634846422,0
8.597081664468204,38.01449115610675,123.55732779068593,40.83821967063186,0.39181089461717167,0
4.363569938709881,6.8554852864499525,99.033659002922,88.57410193473176,0.8024017844513243,0
-3.246529389374539,26.765506572629583,64.34319885777937,89.66072196505203,0.3412444497577206,0
9.097481854202126,10.760093600861875,104.37824137504882,91.00835114130498,0.44418340687836655,0
4.415620796071268,0.6060387321946636,46.386697093996595,32.0739295749877,0.6755867735674388,0
0.023584219856291888,12.060072879977074,58.32690918918947,69.41452546118691,0.5088940700698802,0
-2.9109189100491912,48.79368774550269,138.44801803847864,27.891684946162595,0.8614456860213242,1
6.910377839054439,40.07685559414948,50.67063079399885,19.870373474370528,0.8660356750457565,0
4.301091338927703,47.97883221605167,75.79835754211112,19.278613277389553,0.009910695491153643,0
3.0019163796448236,24.392702196318123,134.61975923544205,34.86865446549581,0.7780463064831992,0
8.408388745764364,5.4868099338751755,109.08098903745385,43.56580435820235,0.46073360024167387,0
6.828958168367961,27.397974448684646,18.708451663058383,83.26396793445177,0.9888405413036631,0
-2.7248768040087326,22.718866727998044,30.622426199055848,12.869218253798497,0.48323207587543515,0
-0.32416898306677666,42.2178541369808,11.097822708068355,73.75765889209453,0.9868959453882975,0
-1.272662902783014,4.904129039212229,98.32905063208287,53.61403650474123,0.7545693612057366,0
6.159194388590155,24.41205685108891,72.67427955745856,29.506588924923257,0.24860488461330632,0
-4.497013478963309,7.502433234699213,28.798479126318576,49.78913886874963,0.5383949792869577,0
3.5483452730697476,16.233796344503,144.11077694794787,30.69426490792524,0.9921356394785827,0
6.436880286110359,36.86785386938998,84.15236135238679,60.01211356859229,0.8575306077519237,0
8.151484551426242,23.800906468438328,43.865061175804485,43.950548362669174,0.0973668937912211,0
0.13122623073861206,18.794414257288466,80.08449996165906,17.276147378808993,0.7063719968099961,0
7.318859570080193,19.723813928501766,105.14684658291509,12.541724381013974,0.34557958587081306,0
-3.3405239456718916,22.97233842029933,20.673490516299026,55.122872525140885,0.006982261880348117,0
7.6967843760177725,39.25082719185284,48.458534106704874,90.33889029532425,0.4034809690269996,0
-3.087670065020264,44.60423444701172,122.97516872375911,35.05181096921087,0.2347544217249713,1
0.959309358405509,47.76673432519642,74.35308185637257,73.56701061503969,0.8188692705204715,0
6.959430486693304,39.34516931276475,86.52079988452128,66.20747413903693,0.3373306088457655,0
-2.751238589768393,15.770344787400637,70.5942403093257,93.22393651663862,0.8275236939538171,0
-1.5612290715103776,34.40673530432711,16.145991970020717,82.27712071261494,0.0005979388347953085,0
5.833788525895994,21.880156202769598,33.20496917482183,57.093920631640835,0.30781915002611915,0
5.800548048191116,12.733531102302559,72.37582942386473,66.04601932517663,0.24116521430776194,0
4.617214493279459,42.04357897129613,39.2859651571099,89.94026019181945,0.23356736106861098,0
5.4092266670065,1.9213174481162498,16.997064012355025,40.55235967410655,0.0681866197654627,0
3.140866650213942,45.08809960677117,128.11095296725534,33.35267587991996,0.18712427041050173,0
-1.2230141163957087,23.073873231236707,147.3669540829762,2.0702972798844375,0.5555495698856199,1
0.18543990255879184,31.86007384041402,121.04000235954352,82.82855634495496,0.2913610728377445,1
-2.276034247978615,32.96769611028913,129.52988903865338,80.29708933993312,0.41739478232914795,1
8.626758420004425,44.75588703532682,43.87679824438635,11.340997291914986,0.3768668803471885,0
3.750876921491807,31.833484108360366,144.48777657184797,58.10888073213732,0.8759049249998946,0
1.0127712514545983,30.69667923800309,37.569598623479976,46.93418811852185,0.9052989990105155,0
1.93008705466199,3.332602028034498,143.2001734506565,12.752200455402035,0.49295697165586005,0
9.20925009417723,25.920401097260203,149.27470115523315,98.07625447901164,0.3301559503156044,0
-2.699728953258797,7.5084500408520825,109.64119280444682,22.25489285887219,0.10680070400236363,0
3.7934474802519578,36.87168843607428,147.36012245085507,7.6561838289655535,0.953402879382095,0
2.58833018326699,25.611096040633726,89.73556913939451,59.88989057068905,0.06022694490029745,0
4.171813531519717,34.01138896041766,46.33584964465265,74.14780103617024,0.29765027756828044,0
-4.728347242687392,2.0836450301192135,71.17942399318693,4.211901158671509,0.29806620117000415,0
8.081858634162272,4.239600802290161,93.09853095303004,66.21304623397519,0.3204012861402149,0
8.981774237254186,35.81616940313411,20.2314186837821,53.69689571919399,0.16428684327240928,0
3.476997753838134,3.6042167999336683,97.12805704641445,11.223235878629794,0.7831614309236972,0
5.449762358153384,3.56283638826293,147.36489714672123,18.079863817689844,0.12249786196598922,0
8.837490717659435,0.6054237617443725,36.61507096972187,57.22945543429197,0.6349066591531628,0
5.608579514700979,47.82506991497401,120.96331628037366,30.339403737815548,0.12384602670581746,0
-2.71191435628608,36.875417972950345,137.1058311291467,93.89325713648029,0.07053563759295656,1
3.644325402502197,17.66257042510321,142.11822299483092,82.05528271892103,0.9094295036858765,0
4.100725695742838,14.82677906438276,144.4189846167626,98.37315344485263,0.19012876631870568,0
1.3619600695357903,17.485161487292476,83.00434942100607,26.707413056090985,0.8212501545597043,0
6.046663534370843,38.732676559059094,146.82310711881053,97.00263964699973,0.5446308711071358,0
9.015505221535223,33.068530553520716,116.02342899882144,43.69215310936423,0.0778565196087696,0
8.883527693601645,9.259778393373397,32.634001073174666,35.404360736061705,0.9554481914380675,0
1.7625905710619811,8.705466766704218,76.7660149055158,5.984603169965971,0.24696116699189252,0
-3.301429312388671,4.919782485669866,110.56636455208056,6.22376052810066,0.8596453453526065,0
9.77261798443502,33.015135985066905,44.62764421467167,69.50911433871882,0.16881000578456418,0
7.583471296689012,38.218633111086795,99.68612569684423,46.33497044896876,0.8539428821418529,0
-3.1300597819509974,13.2523214162502,103.3240670665267,23.425640977574464,0.013228812905293985,0
8.812628239260585,1.0472480515456406,32.77796413319922,61.78306032619803,0.5117804565694807,0
8.048445430931924,4.108583373821367,89.11194374338588,26.032953706761006,0.7694425794215568,0
2.7825708568910814,48.39300174225152,118.02776753700508,58.18554368009784,0.9347955174927833,0
3.8691315361739385,14.772238873871013,79.84539303503186,36.561665951286344,0.909202136206487,0
0.9850405580519537,38.46115739190668,11.694436348655039,82.53167043457009,0.8196248695476449,0
-4.17857541766953,31.23317844271319,11.265385671100905,82.24891991591116,0.8881913496613041,0
0.027958624688514178,19.096981982644795,59.98410815580171,48.25768941411773,0.1992196858370765,0
7.042801728970172,10.284363109777756,139.66716958044947,35.73109182416654,0.28418429571172876,0
-4.930519654930957,6.069320907970321,42.01474914450523,36.89341985935036,0.2889685249210585,0
0.0024875753671622647,30.75064840194333,98.8109164420362,80.76573804115357,0.3770539310016988,1
0.97253040386415,38.7316890318894,41.09062189706488,33.48976879696359,0.3933206703851887,0
3.0609340440688424,32.19521267705653,55.033798552336805,21.696877996977754,0.5445553246546755,0
8.797834246191407,26.515106662457917,128.72589254420774,9.384145845655375,0.15987976336644139,0
0.19518991548941855,2.0975611715818134,112.04060191779256,47.20261896755643,0.6912466637859893,0
0.20429802844341527,48.42443887971919,23.355898823849486,48.731077793064344,0.1675665393045065,0
6.062518721646226,39.93570958272873,70.0182829381007,84.24996232988781,0.31030848210454753,0
1.7832691133471075,14.641101835048238,14.083766910337026,22.902630948160333,0.503345130606154,0
-1.6309276559002708,48.99851646794253,77.32462052442126,38.718136093171594,0.7964405615234773,0
1.7865927419904013,30.094079481816106,102.74076163814954,81.0321681504754,0.7394692332387273,0
-2.887144694303002,29.121132910362324,26.590367303741218,82.53873746414838,0.6455343564105223,0
-2.3541952024066504,37.4036589714766,50.44389144728319,39.07649652189805,0.15577326058017016,0
2.4755165910921964,40.58848940450688,65.69712757030197,46.45327830538141,0.5470453456155777,0
1.2838817425682185,32.823930366575134,138.73434345184697,31.025303194079008,0.08744650179988545,0
8.7226885160215,6.404787318310001,149.05570215921497,93.32293296351189,0.37736317679665077,0
0.4359084867494971,16.91337529972492,16.287581859386222,12.74573280841645,0.41351653028995916,0
3.7088252541706517,46.404182016302485,116.54110928935488,93.44119287714553,0.03981143944575383,0
4.483964318792955,11.230780592192597,62.04136929632805,68.70277873169898,0.2739880994699718,0
-4.803583151174996,18.608351191875666,64.94414607212721,53.625643115986385,0.9556494672664894,0
4.953060580250659,21.6038441472098,115.59709626858317,4.233247017665091,0.9536326078296895,0
-2.3294604969537285,21.970249484722608,138.5797005003572,48.08402299037882,0.3523270542525393,1
9.416054762041828,30.646979124726276,143.13000323035678,41.367062395270494,0.043100108948324056,0
-2.7700590837033054,47.15379188723538,90.79716204536491,16.960662385537134,0.17909493932818155,1
1.2193618559053556,12.034635591625248,59.99696230207039,65.98455074656503,0.39221779343354013,0
-3.719754978820342,6.075068815045903,120.2568720202291,97.1439398294603,0.9477796979692298,0
9.953113777689211,9.873524492996866,45.14019365672203,56.656692295387984,0.14119906353718492,0
2.5329251549686385,44.34624501046348,88.97036403669249,71.76057436795064,0.7635158436682122,0
3.9307752598006562,32.2905406327603,60.20098461348224,7.776594804035661,0.10868253937469208,0
-3.993852839173588,14.295339461958006,101.92835031910265,42.349032585882476,0.9812575773912768,0
6.2494070559876675,40.797346948430864,43.655847805090964,12.519490031285091,0.381616499109135,0
-1.8514161035662138,43.0684998181718,36.823012402875605,61.66678771811453,0.775234538899056,0
8.470814341610707,42.3257169345139,138.5534721345612,93.90973366320131,0.3425910828111318,0
-1.9229053927698923,45.94632668197772,24.252515612935166,66.51599551469221,0.6276688771588087,0
-2.1396841900450014,12.612051008668079,80.83410708289043,8.603501783127731,0.19201608474003673,0
-4.451754982278577,37.75209643731392,40.91938961482125,36.1119542935232,0.14602101929696254,0
2.081004176649989,23.026974863707,15.450194865593442,55.5156745646443,0.9380641395681313,0
3.4726169989392464,42.099927644503076,15.042634560799694,40.91756785719197,0.9176472779044335,0
-4.014370408574715,36.42453385808066,34.53104809481583,83.53075703704206,0.8874689402128824,0
6.632914250425159,38.82237232498623,131.34784963084002,81.65242946628894,0.6254334501665935,0
1.799332521220414,32.808091884053574,49.547024156783735,61.57127099021892,0.8082682112162782,0
2.8658540399137005,8.871438473485343,143.0642838805414,37.97233656813782,0.06903693691137491,0
1.6114412040734223,27.251345944846918,91.4271210184871,26.27830100256117,0.33478904189067915,0
1.01144591312989,49.23348697622541,71.12598656762725,11.481557503099802,0.3137031247571562,0
3.394604969623268,46.869403324855945,91.21243685372364,36.13487066516885,0.6356453219526133,0
-2.671396311039312,2.1586867898505835,82.33777393167749,41.90407920356423,0.3559577734706405,0
-2.271078042570933,8.240740786471857,116.22867552602553,67.90646958530328,0.1485067816436808,0
7.9267843152027595,6.586438672728096,49.549449236199315,66.15782260545977,0.5964670754135437,0
9.19173193200449,36.29899549926478,59.42705482404234,7.940705824484438,0.8143839206690815,0
0.5996397441962937,40.889266492847256,135.1732023546551,40.13067222768462,0.3821234944599732,1
-0.9388299028466935,10.675568315533596,142.50391184105678,18.99610785451883,0.1322687150984817,0
4.659993148585237,25.29263464759145,134.9581518481064,16.524457826363765,0.19668819731282305,0
1.1310125664714459,42.03515140056,68.7227191540239,82.90291282398735,0.23748330516938398,0
-4.619204665094827,36.64007723831253,119.25117042096343,5.149606454909495,0.2998975929945362,1
-2.6577110395071446,27.111860274592413,76.68700266215383,42.499104714310015,0.6427950705063091,0
5.739583432710964,29.517384522938645,79.6555793004543,17.652161920885302,0.600945484537719,0
4.88385912865227,25.418027345813996,38.65521526801975,88.05369135216893,0.6960798615670392,0
-4.593560112447747,14.877422565941028,92.7582424561923,56.14701081422848,0.36250198453151317,0
-1.6704175710057583,28.251099642950805,36.05902568546871,23.906683001307954,0.8239976518799783,0
-1.5338780511789292,34.44426510250453,56.419057869407126,50.740301429471266,0.20408766115576027,0
5.078391153980926,43.666145793040386,129.70422822679092,73.41714961060846,0.46904074751815394,0
-4.704341933684538,31.814567698962403,38.99061328951973,95.85368288302395,0.8009387215414303,0
-3.4383712702313924,38.0560768521579,19.96215992428059,22.824154420296473,0.18015864773261925,0
6.998741280597841,8.00358174772865,19.661062965794283,88.73199544080516,0.10986311374078295,0
-2.321830069184996,23.077873720989494,141.7098328704351,93.49610730258154,0.8836839676879897,1
4.79119161777812,0.4665809913546648,80.96886131465685,91.72563390867455,0.3429296627591959,0
-1.4272582842991022,12.333943226081152,67.31769005438257,63.90602132932907,0.683870124909032,0
-3.5083791086098226,36.32308575565024,123.52300134110858,63.352244789036064,0.02534860426393848,1
-1.3524171350081886,49.59049756746817,127.01562990747225,40.917852685198454,0.6900468884094496,1
5.834003977834888,4.9589049793607956,56.50674463618464,75.487390348075,0.3161013115469705,0
7.835447021594286,20.074715793064414,107.10652804633133,53.598107816742264,0.05574085358744174,0
7.453297968504874,40.00354843495798,117.95719421926412,68.06636905160116,0.609812761548117,0
0.9577529442768222,10.201781731444942,101.65109616123362,43.41733248103075,0.24080381607317325,0
5.021277048559693,27.75424746511431,31.223310472013914,73.41814994027077,0.38680724205188,0
-1.9252355687626856,36.65356480148374,132.623631692388,82.62268024285035,0.08058081228651359,1
-0.6027840460848015,30.79927251300895,85.47323738304122,15.497189403678796,0.14716325109494532,1
8.445037277816796,9.401236730770806,49.54613969180052,83.46004184184858,0.29797723549584376,0
-4.80497114733896,17.769228434286973,69.53194596127715,54.48935664724041,0.08975950056015713,0
-3.7173720371829786,39.18958922426986,15.259952655847034,84.6219249999322,0.9108262646863152,0
-1.88170617280959,27.71132570660083,27.90135217113846,43.698868927760444,0.006047043183978418,0
-4.602016941892704,0.26148067714563683,117.17654507222052,38.52500805292047,0.4838602188643114,0
-2.2784684736530405,38.04953800140469,10.00162886575126,91.59101251920502,0.12324745813255145,0
3.745623414545383,1.7655677470119535,68.3192159875209,25.865757487291727,0.30767908947794853,0
1.3213682588874693,37.286689136561606,83.15142535198238,84.57702020332816,0.9260595598182655,0
8.390075666154623,10.12402800826187,17.64881880013612,48.91803667843101,0.16169455327398685,0
7.261653426076613,47.90367400596901,146.2309428161266,51.89544881257471,0.9658323197183326,0
0.12726027546813956,18.397037565104224,41.657546374954066,31.53835986745892,0.2057943769894217,0
-1.1086484985306129,16.346580816903955,52.58782074907932,57.73117786128255,0.7415661084668296,0
0.6953861225090039,7.444402516622234,52.55195171570383,33.19590843134492,0.5466772648973117,0
3.8544241377221162,15.280210774510744,42.25833269642899,4.887672009923579,0.8844787275967592,0
-0.9790453876568561,43.83253809141003,10.206335092083599,27.92786192909125,0.5539932555031309,0
4.36223361773701,49.81671688136237,112.10827117231949,1.6315252972524772,0.5345592191563087,0
1.1411747828686067,18.415476525342417,145.35836997189995,97.8571239186288,0.1954580003683999,0
3.2807077127797033,22.430531547727128,41.40108765990631,96.608973772155,0.16622936205165872,0
1.5418979370297503,36.10354691013685,102.82660685247915,40.1203744497582,0.9164891511155142,0
-0.5830136068712353,44.30978902325373,113.86548577422012,73.10871457962496,0.32783819885003407,1
9.226799604432351,29.652216709339207,128.77955307267348,35.234803742632074,0.37208225496289593,0
6.454086912396413,19.576284908891466,69.16808758190527,67.43822255151163,0.7598236584283884,0
-2.8983023635032117,20.631092042431188,52.41032678966009,80.73757426155193,0.33882348242280735,0
8.027019638468692,34.78090732484034,55.54131876322435,94.72886822453184,0.9520624466390027,0
2.3114679737427046,0.16091318021393408,109.7669866337918,40.62101530911753,0.7379277689988003,0
8.41828340341137,30.979466872992035,124.34912531078905,78.54650031264872,0.59742924257342,0
6.997828839209728,17.77465052206787,35.425955485924376,27.32691661257976,0.8808951605447525,0
1.3782025670385014,39.70986656385421,61.93174114208713,99.04289807557119,0.04960590834948275,0
-4.662960375198239,4.649531991156608,136.271627544881,3.551190277670763,0.25706269218920874,0
-0.9698396092258088,29.410113347419525,122.9370927572635,60.749351843610974,0.46503633422090995,1
3.1245132199130037,24.04864449430619,147.88017638674663,66.29109218348138,0.22697853947152102,0
4.5021732973922095,32.11627629526137,115.59475635549131,69.11651015033875,0.7439051873021519,0
-1.1316847185019658,3.2426797241484175,65.04732814390911,12.918370300119813,0.9192080310537252,0
-2.909658888907638,28.999189371406565,92.68929675924929,93.91444856383991,0.4237701199309234,1
7.523953551989488,28.074229397976186,102.54199559462484,18.937144625958197,0.34213260011189495,0
9.766032710553281,28.033004720808545,20.983814284397354,62.65258692074427,0.9615507321375663,0
2.8853527345402874,30.17438332982274,86.22957427454111,23.044931833185412,0.44485243282754083,0
-2.4248107122754474,33.82339686131811,109.30491598616534,31.414425285105818,0.4890484004492832,1
-0.9153901022094661,40.249449984038485,33.42498256014845,55.09939563108431,0.35164987234190537,0
-4.724139851787999,13.491036006410717,119.288440439578,42.302148437893074,0.9095484730121384,0
8.714482098407485,41.2524705090031,91.72818927197562,16.862334496674123,0.5689554832818507,0
-3.233733756647883,24.91278411317268,143.31104999766325,17.92270383966398,0.7621745871816447,1
3.6477471327138034,3.8529139567165585,15.939121748964837,42.39633402811717,0.8118067183508864,0
-0.88917168969191,2.92754646219896,47.145659257765374,75.97101484927457,0.3418490419172582,0
3.3126700377369005,16.71191593480304,94.21754310197537,89.89850003793107,0.43369433132038004,0
4.771305825277963,39.24484885557338,51.518387708830296,9.3286385636789,0.8484717744062646,0
7.446127055608024,35.384046737045786,110.0193829699739,39.917286848380705,0.36325535167581025,0
-1.9036809235909518,39.43074823362032,116.26073955307034,10.924310808564787,0.7939351334518513,1
-4.835062570122793,25.86345282208047,24.352234969306423,2.6426555826271905,0.9409923225744371,0
-2.946715548967891,22.00994989777453,81.93962498894749,66.5101495817517,0.623210373068007,1
8.500279627721577,7.372626335314197,81.24467778274783,60.642494754692194,0.7416272874518889,0
8.108351163437728,16.40963768046558,61.69930783017575,17.138892267673736,0.8050973120411349,0
3.9611965325546237,21.700968308693763,140.6094807597541,24.147470476213346,0.8450396488966425,0
4.0077529065048,4.430021483980862,125.85088478225097,3.34706761080732,0.39505333785679597,0
4.975550118193832,11.030597635560563,107.60931346734915,83.65977336374597,0.05126345917599817,0
-2.3694308206482564,29.91126470318694,110.00572900289966,97.4943690088066,0.4018762712367395,1
8.716179188874397,36.783155711959495,74.64026013383668,14.41049414267439,0.6737562297840898,0
1.2815578733810966,49.91737556964748,138.93923295352062,23.916046162764513,0.4503503857807928,0
0.7470779237424621,46.65566656717788,107.24335981545995,86.97254287074647,0.7489631508603986,1
2.783765579242563,32.12825997675958,112.0573486318143,92.7199159976623,0.3569824294686639,0
-4.295510498374174,21.0624026647036,130.63672653022832,42.54311089787422,0.6347441411040295,1
-2.505749468658809,31.808868235411637,48.37002250790674,6.011624754638339,0.18641980485397458,0
6.070504246395556,39.282580904011596,122.98992654133842,4.89979153558912,0.7493694366449569,0
-3.7580199811231028,5.916809546169366,37.333684413908884,57.821036740832035,0.5456959688130258,0
4.0472816419958235,20.495244484814414,58.3478733142843,39.896615780424725,0.20406438854660058,0
-1.3197633547801857,41.99011428178086,56.98546359777798,3.8365903301877973,0.29191117349780726,0
0.8394342106296477,19.1916475966522,146.99356557447967,58.74198683894312,0.7486087085818324,0
-0.6695939484395019,28.593613561359327,129.91521132470976,2.1189511223132245,0.4826012356615207,1
0.33509074697423724,29.38846804310991,108.16378062263637,78.94982385677802,0.2160314403930722,1
5.785688577763683,9.223812656681968,111.78794662615462,31.336849447633785,0.9672711903702976,0
-0.5431742656523744,18.11177208261442,88.69019121635995,4.9855422979139785,0.7151250198168879,0
3.4960696044534583,16.725564437096608,142.59269339519267,59.24686987733218,0.9571348325397961,0
2.140756032986495,1.3098354266032397,79.47622540353062,40.37075702887241,0.4271050453603432,0
4.9550674804397215,1.2095881945677622,63.27247938178523,97.4062409223578,0.47510034069172047,0
9.05244608987137,41.584852183788676,32.82494717042274,54.875667587866516,0.8979552161850192,0
5.988581458153755,13.65354049864062,120.06879131654811,28.24867892266382,0.5250493402453846,0
-1.7758943211386486,25.90393831194077,112.8221504905828,71.2344475987635,0.7072789119056672,1
-4.53225297408073,14.936278679438653,63.809705393378884,27.87770825172842,0.25217287749552997,0
-1.0660393355026239,47.03396225576702,13.52707795429211,90.52008584934894,0.44672646870264054,0
3.926168960503823,12.964837943288687,127.4596258805215,38.09747508023027,0.12344986581035511,0
-4.228612797736245,21.482840636946754,11.598517683570309,55.436987714844314,0.20598003587696168,0
2.445493708018545,43.63651252423009,108.51796914806714,6.006737278598657,0.000943415267631087,0
3.952642733753338,42.09667833959043,145.83599536164797,43.18600255727085,0.03926505164866023,0
0.013658362254412637,9.305070892313866,71.27258594074848,83.4039904264385,0.9772838231769293,0
6.56368305618733,40.13216548978552,42.896276699433386,80.75923173097085,0.2423536951367623,0
-3.401026202993423,22.909344336894634,108.68194140607343,23.2075373264991,0.663310709504002,1
-3.8729332739628686,24.14844360426776,124.39793988218192,23.381828030045707,0.8390996987996115,1
5.92283134305405,6.673998620797189,86.50024425089862,81.91322590911044,0.5506604592365643,0
2.432369743092977,4.0300756878562325,145.38493853586047,93.10944359676323,0.1531445000839562,0
5.32603594641604,36.39696534868826,17.233621032114556,10.440731206027351,0.7281164373361664,0
1.5224100790561934,24.823057617764988,80.67138376263394,45.5558053031963,0.600251410099583,0
-1.3039695014133978,21.84253513075898,110.58355262515701,34.407973617458666,0.7312505893473751,1
7.286534765112997,36.475411432619836,130.76966596088505,87.1981570902865,0.7697466228570872,0
6.991238184534689,38.275644949555485,35.09578566709061,9.268966553321858,0.9754103676847451,0
5.420447062816402,7.945408383467678,122.0004874469154,21.901468313245704,0.57356328002671,0
-0.9178229415505594,30.511257473882065,87.37899060059634,75.49436542106294,0.3416411126906018,1
3.8534600030363073,6.767704113884276,65.51751547859485,6.078091049140343,0.6484645569002371,0
0.41460845410040204,37.56875430145229,28.4401040010731,49.76100269071463,0.06844070924262613,0
-3.626268900100488,32.84775781335698,131.14140624724774,44.76859643329228,0.8973973183215863,1
8.759703631933641,47.8307310541729,32.01824914516015,34.10571671988612,0.11938101133819679,0
-2.947720536215579,3.447900817821059,53.37030028927389,40.06265921657346,0.32784283788581825,0
9.253560307312036,2.8527360575627156,50.60637447474116,53.46411810609306,0.8157453806261209,0
1.690086594369336,14.109353734660008,131.9979647867196,16.97536848044993,0.5973123783307118,0
